﻿<?xml version="1.0" encoding="utf-8"?>
<UANodeSet xmlns:xsi="http://www.w3.org/2001/XMLSchema-instance" xmlns:xsd="http://www.w3.org/2001/XMLSchema" Version="1.02" LastModified="2013-12-12T16:48:06.4220602Z" xmlns="http://opcfoundation.org/UA/2011/03/UANodeSet.xsd">
  <Aliases>
    <Alias Alias="Boolean">i=1</Alias>
    <Alias Alias="SByte">i=2</Alias>
    <Alias Alias="Byte">i=3</Alias>
    <Alias Alias="Int16">i=4</Alias>
    <Alias Alias="UInt16">i=5</Alias>
    <Alias Alias="Int32">i=6</Alias>
    <Alias Alias="UInt32">i=7</Alias>
    <Alias Alias="Int64">i=8</Alias>
    <Alias Alias="UInt64">i=9</Alias>
    <Alias Alias="Float">i=10</Alias>
    <Alias Alias="Double">i=11</Alias>
    <Alias Alias="DateTime">i=13</Alias>
    <Alias Alias="String">i=12</Alias>
    <Alias Alias="ByteString">i=15</Alias>
    <Alias Alias="Guid">i=14</Alias>
    <Alias Alias="XmlElement">i=16</Alias>
    <Alias Alias="NodeId">i=17</Alias>
    <Alias Alias="ExpandedNodeId">i=18</Alias>
    <Alias Alias="QualifiedName">i=20</Alias>
    <Alias Alias="LocalizedText">i=21</Alias>
    <Alias Alias="StatusCode">i=19</Alias>
    <Alias Alias="Structure">i=22</Alias>
    <Alias Alias="Number">i=26</Alias>
    <Alias Alias="Integer">i=27</Alias>
    <Alias Alias="UInteger">i=28</Alias>
    <Alias Alias="HasComponent">i=47</Alias>
    <Alias Alias="HasProperty">i=46</Alias>
    <Alias Alias="Organizes">i=35</Alias>
    <Alias Alias="HasEventSource">i=36</Alias>
    <Alias Alias="HasNotifier">i=48</Alias>
    <Alias Alias="HasSubtype">i=45</Alias>
    <Alias Alias="HasTypeDefinition">i=40</Alias>
    <Alias Alias="HasModellingRule">i=37</Alias>
    <Alias Alias="HasEncoding">i=38</Alias>
    <Alias Alias="HasDescription">i=39</Alias>
  </Aliases>
  <UAVariableType NodeId="i=2365" BrowseName="DataItemType" ValueRank="-2">
    <DisplayName>DataItemType</DisplayName>
    <Description>A variable that contains live automation data.</Description>
    <References>
      <Reference ReferenceType="HasProperty">i=2366</Reference>
      <Reference ReferenceType="HasProperty">i=2367</Reference>
      <Reference ReferenceType="HasSubtype" IsForward="false">i=63</Reference>
    </References>
  </UAVariableType>
  <UAVariable NodeId="i=2366" BrowseName="Definition" ParentNodeId="i=2365" DataType="String">
    <DisplayName>Definition</DisplayName>
    <Description>A vendor-specific, human readable string that specifies how the value of this DataItem is calculated.</Description>
    <References>
      <Reference ReferenceType="HasTypeDefinition">i=68</Reference>
      <Reference ReferenceType="HasModellingRule">i=80</Reference>
      <Reference ReferenceType="HasProperty" IsForward="false">i=2365</Reference>
    </References>
  </UAVariable>
  <UAVariable NodeId="i=2367" BrowseName="ValuePrecision" ParentNodeId="i=2365" DataType="Double">
    <DisplayName>ValuePrecision</DisplayName>
    <Description>The maximum precision that the server can maintain for the item based on restrictions in the target environment.</Description>
    <References>
      <Reference ReferenceType="HasTypeDefinition">i=68</Reference>
      <Reference ReferenceType="HasModellingRule">i=80</Reference>
      <Reference ReferenceType="HasProperty" IsForward="false">i=2365</Reference>
    </References>
  </UAVariable>
  <UAVariableType NodeId="i=2368" BrowseName="AnalogItemType" DataType="Number" ValueRank="-2">
    <DisplayName>AnalogItemType</DisplayName>
    <References>
      <Reference ReferenceType="HasProperty">i=2370</Reference>
      <Reference ReferenceType="HasProperty">i=2369</Reference>
      <Reference ReferenceType="HasProperty">i=2371</Reference>
      <Reference ReferenceType="HasSubtype" IsForward="false">i=2365</Reference>
    </References>
  </UAVariableType>
  <UAVariable NodeId="i=2370" BrowseName="InstrumentRange" ParentNodeId="i=2368" DataType="i=884">
    <DisplayName>InstrumentRange</DisplayName>
    <References>
      <Reference ReferenceType="HasTypeDefinition">i=68</Reference>
      <Reference ReferenceType="HasModellingRule">i=80</Reference>
      <Reference ReferenceType="HasProperty" IsForward="false">i=2368</Reference>
    </References>
  </UAVariable>
  <UAVariable NodeId="i=2369" BrowseName="EURange" ParentNodeId="i=2368" DataType="i=884">
    <DisplayName>EURange</DisplayName>
    <References>
      <Reference ReferenceType="HasTypeDefinition">i=68</Reference>
      <Reference ReferenceType="HasModellingRule">i=78</Reference>
      <Reference ReferenceType="HasProperty" IsForward="false">i=2368</Reference>
    </References>
  </UAVariable>
  <UAVariable NodeId="i=2371" BrowseName="EngineeringUnits" ParentNodeId="i=2368" DataType="i=887">
    <DisplayName>EngineeringUnits</DisplayName>
    <References>
      <Reference ReferenceType="HasTypeDefinition">i=68</Reference>
      <Reference ReferenceType="HasModellingRule">i=80</Reference>
      <Reference ReferenceType="HasProperty" IsForward="false">i=2368</Reference>
    </References>
  </UAVariable>
  <UAVariableType NodeId="i=2372" BrowseName="DiscreteItemType" IsAbstract="true" ValueRank="-2">
    <DisplayName>DiscreteItemType</DisplayName>
    <References>
      <Reference ReferenceType="HasSubtype" IsForward="false">i=2365</Reference>
    </References>
  </UAVariableType>
  <UAVariableType NodeId="i=2373" BrowseName="TwoStateDiscreteType" DataType="Boolean" ValueRank="-2">
    <DisplayName>TwoStateDiscreteType</DisplayName>
    <References>
      <Reference ReferenceType="HasProperty">i=2374</Reference>
      <Reference ReferenceType="HasProperty">i=2375</Reference>
      <Reference ReferenceType="HasSubtype" IsForward="false">i=2372</Reference>
    </References>
  </UAVariableType>
  <UAVariable NodeId="i=2374" BrowseName="FalseState" ParentNodeId="i=2373" DataType="LocalizedText">
    <DisplayName>FalseState</DisplayName>
    <References>
      <Reference ReferenceType="HasTypeDefinition">i=68</Reference>
      <Reference ReferenceType="HasModellingRule">i=78</Reference>
      <Reference ReferenceType="HasProperty" IsForward="false">i=2373</Reference>
    </References>
  </UAVariable>
  <UAVariable NodeId="i=2375" BrowseName="TrueState" ParentNodeId="i=2373" DataType="LocalizedText">
    <DisplayName>TrueState</DisplayName>
    <References>
      <Reference ReferenceType="HasTypeDefinition">i=68</Reference>
      <Reference ReferenceType="HasModellingRule">i=78</Reference>
      <Reference ReferenceType="HasProperty" IsForward="false">i=2373</Reference>
    </References>
  </UAVariable>
  <UAVariableType NodeId="i=2376" BrowseName="MultiStateDiscreteType" DataType="UInteger" ValueRank="-2">
    <DisplayName>MultiStateDiscreteType</DisplayName>
    <References>
      <Reference ReferenceType="HasProperty">i=2377</Reference>
      <Reference ReferenceType="HasSubtype" IsForward="false">i=2372</Reference>
    </References>
  </UAVariableType>
  <UAVariable NodeId="i=2377" BrowseName="EnumStrings" ParentNodeId="i=2376" DataType="LocalizedText" ValueRank="1">
    <DisplayName>EnumStrings</DisplayName>
    <References>
      <Reference ReferenceType="HasTypeDefinition">i=68</Reference>
      <Reference ReferenceType="HasModellingRule">i=78</Reference>
      <Reference ReferenceType="HasProperty" IsForward="false">i=2376</Reference>
    </References>
  </UAVariable>
  <UAVariableType NodeId="i=11238" BrowseName="MultiStateValueDiscreteType" DataType="Number" ValueRank="-2">
    <DisplayName>MultiStateValueDiscreteType</DisplayName>
    <References>
      <Reference ReferenceType="HasProperty">i=11241</Reference>
      <Reference ReferenceType="HasProperty">i=11461</Reference>
      <Reference ReferenceType="HasSubtype" IsForward="false">i=2372</Reference>
    </References>
  </UAVariableType>
  <UAVariable NodeId="i=11241" BrowseName="EnumValues" ParentNodeId="i=11238" DataType="i=7594" ValueRank="1">
    <DisplayName>EnumValues</DisplayName>
    <References>
      <Reference ReferenceType="HasTypeDefinition">i=68</Reference>
      <Reference ReferenceType="HasModellingRule">i=78</Reference>
      <Reference ReferenceType="HasProperty" IsForward="false">i=11238</Reference>
    </References>
  </UAVariable>
  <UAVariable NodeId="i=11461" BrowseName="ValueAsText" ParentNodeId="i=11238" DataType="LocalizedText">
    <DisplayName>ValueAsText</DisplayName>
    <References>
      <Reference ReferenceType="HasTypeDefinition">i=68</Reference>
      <Reference ReferenceType="HasModellingRule">i=78</Reference>
      <Reference ReferenceType="HasProperty" IsForward="false">i=11238</Reference>
    </References>
  </UAVariable>
  <UAVariableType NodeId="i=12021" BrowseName="ArrayItemType" IsAbstract="true" ValueRank="0">
    <DisplayName>ArrayItemType</DisplayName>
    <References>
      <Reference ReferenceType="HasProperty">i=12024</Reference>
      <Reference ReferenceType="HasProperty">i=12025</Reference>
      <Reference ReferenceType="HasProperty">i=12026</Reference>
      <Reference ReferenceType="HasProperty">i=12027</Reference>
      <Reference ReferenceType="HasProperty">i=12028</Reference>
      <Reference ReferenceType="HasSubtype" IsForward="false">i=2365</Reference>
    </References>
  </UAVariableType>
  <UAVariable NodeId="i=12024" BrowseName="InstrumentRange" ParentNodeId="i=12021" DataType="i=884">
    <DisplayName>InstrumentRange</DisplayName>
    <References>
      <Reference ReferenceType="HasTypeDefinition">i=68</Reference>
      <Reference ReferenceType="HasModellingRule">i=80</Reference>
      <Reference ReferenceType="HasProperty" IsForward="false">i=12021</Reference>
    </References>
  </UAVariable>
  <UAVariable NodeId="i=12025" BrowseName="EURange" ParentNodeId="i=12021" DataType="i=884">
    <DisplayName>EURange</DisplayName>
    <References>
      <Reference ReferenceType="HasTypeDefinition">i=68</Reference>
      <Reference ReferenceType="HasModellingRule">i=78</Reference>
      <Reference ReferenceType="HasProperty" IsForward="false">i=12021</Reference>
    </References>
  </UAVariable>
  <UAVariable NodeId="i=12026" BrowseName="EngineeringUnits" ParentNodeId="i=12021" DataType="i=887">
    <DisplayName>EngineeringUnits</DisplayName>
    <References>
      <Reference ReferenceType="HasTypeDefinition">i=68</Reference>
      <Reference ReferenceType="HasModellingRule">i=78</Reference>
      <Reference ReferenceType="HasProperty" IsForward="false">i=12021</Reference>
    </References>
  </UAVariable>
  <UAVariable NodeId="i=12027" BrowseName="Title" ParentNodeId="i=12021" DataType="LocalizedText">
    <DisplayName>Title</DisplayName>
    <References>
      <Reference ReferenceType="HasTypeDefinition">i=68</Reference>
      <Reference ReferenceType="HasModellingRule">i=78</Reference>
      <Reference ReferenceType="HasProperty" IsForward="false">i=12021</Reference>
    </References>
  </UAVariable>
  <UAVariable NodeId="i=12028" BrowseName="AxisScaleType" ParentNodeId="i=12021" DataType="i=12077">
    <DisplayName>AxisScaleType</DisplayName>
    <References>
      <Reference ReferenceType="HasTypeDefinition">i=68</Reference>
      <Reference ReferenceType="HasModellingRule">i=78</Reference>
      <Reference ReferenceType="HasProperty" IsForward="false">i=12021</Reference>
    </References>
  </UAVariable>
  <UAVariableType NodeId="i=12029" BrowseName="YArrayItemType" ValueRank="1" ArrayDimensions="0">
    <DisplayName>YArrayItemType</DisplayName>
    <References>
      <Reference ReferenceType="HasProperty">i=12037</Reference>
      <Reference ReferenceType="HasSubtype" IsForward="false">i=12021</Reference>
    </References>
  </UAVariableType>
  <UAVariable NodeId="i=12037" BrowseName="XAxisDefinition" ParentNodeId="i=12029" DataType="i=12079">
    <DisplayName>XAxisDefinition</DisplayName>
    <References>
      <Reference ReferenceType="HasTypeDefinition">i=68</Reference>
      <Reference ReferenceType="HasModellingRule">i=78</Reference>
      <Reference ReferenceType="HasProperty" IsForward="false">i=12029</Reference>
    </References>
  </UAVariable>
  <UAVariableType NodeId="i=12038" BrowseName="XYArrayItemType" DataType="i=12080" ValueRank="1" ArrayDimensions="0">
    <DisplayName>XYArrayItemType</DisplayName>
    <References>
      <Reference ReferenceType="HasProperty">i=12046</Reference>
      <Reference ReferenceType="HasSubtype" IsForward="false">i=12021</Reference>
    </References>
  </UAVariableType>
  <UAVariable NodeId="i=12046" BrowseName="XAxisDefinition" ParentNodeId="i=12038" DataType="i=12079">
    <DisplayName>XAxisDefinition</DisplayName>
    <References>
      <Reference ReferenceType="HasTypeDefinition">i=68</Reference>
      <Reference ReferenceType="HasModellingRule">i=78</Reference>
      <Reference ReferenceType="HasProperty" IsForward="false">i=12038</Reference>
    </References>
  </UAVariable>
  <UAVariableType NodeId="i=12047" BrowseName="ImageItemType" ValueRank="2" ArrayDimensions="0,0">
    <DisplayName>ImageItemType</DisplayName>
    <References>
      <Reference ReferenceType="HasProperty">i=12055</Reference>
      <Reference ReferenceType="HasProperty">i=12056</Reference>
      <Reference ReferenceType="HasSubtype" IsForward="false">i=12021</Reference>
    </References>
  </UAVariableType>
  <UAVariable NodeId="i=12055" BrowseName="XAxisDefinition" ParentNodeId="i=12047" DataType="i=12079">
    <DisplayName>XAxisDefinition</DisplayName>
    <References>
      <Reference ReferenceType="HasTypeDefinition">i=68</Reference>
      <Reference ReferenceType="HasModellingRule">i=78</Reference>
      <Reference ReferenceType="HasProperty" IsForward="false">i=12047</Reference>
    </References>
  </UAVariable>
  <UAVariable NodeId="i=12056" BrowseName="YAxisDefinition" ParentNodeId="i=12047" DataType="i=12079">
    <DisplayName>YAxisDefinition</DisplayName>
    <References>
      <Reference ReferenceType="HasTypeDefinition">i=68</Reference>
      <Reference ReferenceType="HasModellingRule">i=78</Reference>
      <Reference ReferenceType="HasProperty" IsForward="false">i=12047</Reference>
    </References>
  </UAVariable>
  <UAVariableType NodeId="i=12057" BrowseName="CubeItemType" ValueRank="3" ArrayDimensions="0,0,0">
    <DisplayName>CubeItemType</DisplayName>
    <References>
      <Reference ReferenceType="HasProperty">i=12065</Reference>
      <Reference ReferenceType="HasProperty">i=12066</Reference>
      <Reference ReferenceType="HasProperty">i=12067</Reference>
      <Reference ReferenceType="HasSubtype" IsForward="false">i=12021</Reference>
    </References>
  </UAVariableType>
  <UAVariable NodeId="i=12065" BrowseName="XAxisDefinition" ParentNodeId="i=12057" DataType="i=12079">
    <DisplayName>XAxisDefinition</DisplayName>
    <References>
      <Reference ReferenceType="HasTypeDefinition">i=68</Reference>
      <Reference ReferenceType="HasModellingRule">i=78</Reference>
      <Reference ReferenceType="HasProperty" IsForward="false">i=12057</Reference>
    </References>
  </UAVariable>
  <UAVariable NodeId="i=12066" BrowseName="YAxisDefinition" ParentNodeId="i=12057" DataType="i=12079">
    <DisplayName>YAxisDefinition</DisplayName>
    <References>
      <Reference ReferenceType="HasTypeDefinition">i=68</Reference>
      <Reference ReferenceType="HasModellingRule">i=78</Reference>
      <Reference ReferenceType="HasProperty" IsForward="false">i=12057</Reference>
    </References>
  </UAVariable>
  <UAVariable NodeId="i=12067" BrowseName="ZAxisDefinition" ParentNodeId="i=12057" DataType="i=12079">
    <DisplayName>ZAxisDefinition</DisplayName>
    <References>
      <Reference ReferenceType="HasTypeDefinition">i=68</Reference>
      <Reference ReferenceType="HasModellingRule">i=78</Reference>
      <Reference ReferenceType="HasProperty" IsForward="false">i=12057</Reference>
    </References>
  </UAVariable>
  <UAVariableType NodeId="i=12068" BrowseName="NDimensionArrayItemType" ValueRank="0">
    <DisplayName>NDimensionArrayItemType</DisplayName>
    <References>
      <Reference ReferenceType="HasProperty">i=12076</Reference>
      <Reference ReferenceType="HasSubtype" IsForward="false">i=12021</Reference>
    </References>
  </UAVariableType>
  <UAVariable NodeId="i=12076" BrowseName="AxisDefinition" ParentNodeId="i=12068" DataType="i=12079" ValueRank="1">
    <DisplayName>AxisDefinition</DisplayName>
    <References>
      <Reference ReferenceType="HasTypeDefinition">i=68</Reference>
      <Reference ReferenceType="HasModellingRule">i=78</Reference>
      <Reference ReferenceType="HasProperty" IsForward="false">i=12068</Reference>
    </References>
  </UAVariable>
  <UADataType NodeId="i=884" BrowseName="Range">
    <DisplayName>Range</DisplayName>
    <References>
      <Reference ReferenceType="HasSubtype" IsForward="false">i=22</Reference>
    </References>
    <Definition Name="Range">
      <Field Name="Low" DataType="i=11" />
      <Field Name="High" DataType="i=11" />
    </Definition>
  </UADataType>
  <UADataType NodeId="i=887" BrowseName="EUInformation">
    <DisplayName>EUInformation</DisplayName>
    <References>
      <Reference ReferenceType="HasSubtype" IsForward="false">i=22</Reference>
    </References>
    <Definition Name="EUInformation">
      <Field Name="NamespaceUri" DataType="i=12" />
      <Field Name="UnitId" DataType="i=6" />
      <Field Name="DisplayName" DataType="i=21" />
      <Field Name="Description" DataType="i=21" />
    </Definition>
  </UADataType>
  <UADataType NodeId="i=12077" BrowseName="AxisScaleEnumeration">
    <DisplayName>AxisScaleEnumeration</DisplayName>
    <References>
      <Reference ReferenceType="HasProperty">i=12078</Reference>
      <Reference ReferenceType="HasSubtype" IsForward="false">i=29</Reference>
    </References>
    <Definition Name="AxisScaleEnumeration">
      <Field Name="Linear" Value="0" />
      <Field Name="Log" Value="1" />
      <Field Name="Ln" Value="2" />
    </Definition>
  </UADataType>
  <UAVariable NodeId="i=12078" BrowseName="EnumStrings" ParentNodeId="i=12077" DataType="LocalizedText" ValueRank="1">
    <DisplayName>EnumStrings</DisplayName>
    <References>
      <Reference ReferenceType="HasTypeDefinition">i=68</Reference>
      <Reference ReferenceType="HasModellingRule">i=78</Reference>
      <Reference ReferenceType="HasProperty" IsForward="false">i=12077</Reference>
    </References>
    <Value>
      <ListOfLocalizedText xmlns="http://opcfoundation.org/UA/2008/02/Types.xsd">
        <LocalizedText>
          <Locale>
          </Locale>
          <Text>Linear</Text>
        </LocalizedText>
        <LocalizedText>
          <Locale>
          </Locale>
          <Text>Log</Text>
        </LocalizedText>
        <LocalizedText>
          <Locale>
          </Locale>
          <Text>Ln</Text>
        </LocalizedText>
      </ListOfLocalizedText>
    </Value>
  </UAVariable>
  <UADataType NodeId="i=12171" BrowseName="ComplexNumberType">
    <DisplayName>ComplexNumberType</DisplayName>
    <References>
      <Reference ReferenceType="HasSubtype" IsForward="false">i=22</Reference>
    </References>
    <Definition Name="ComplexNumberType">
      <Field Name="Real" DataType="i=10" />
      <Field Name="Imaginary" DataType="i=10" />
    </Definition>
  </UADataType>
  <UADataType NodeId="i=12172" BrowseName="DoubleComplexNumberType">
    <DisplayName>DoubleComplexNumberType</DisplayName>
    <References>
      <Reference ReferenceType="HasSubtype" IsForward="false">i=22</Reference>
    </References>
    <Definition Name="DoubleComplexNumberType">
      <Field Name="Real" DataType="i=11" />
      <Field Name="Imaginary" DataType="i=11" />
    </Definition>
  </UADataType>
  <UADataType NodeId="i=12079" BrowseName="AxisInformation">
    <DisplayName>AxisInformation</DisplayName>
    <References>
      <Reference ReferenceType="HasSubtype" IsForward="false">i=22</Reference>
    </References>
    <Definition Name="AxisInformation">
      <Field Name="EngineeringUnits" DataType="i=887" />
      <Field Name="EURange" DataType="i=884" />
      <Field Name="Title" DataType="i=21" />
      <Field Name="AxisScaleType" DataType="i=12077" />
      <Field Name="AxisSteps" DataType="i=11" ValueRank="1" />
    </Definition>
  </UADataType>
  <UADataType NodeId="i=12080" BrowseName="XVType">
    <DisplayName>XVType</DisplayName>
    <References>
      <Reference ReferenceType="HasSubtype" IsForward="false">i=22</Reference>
    </References>
    <Definition Name="XVType">
      <Field Name="X" DataType="i=11" />
      <Field Name="Value" DataType="i=10" />
    </Definition>
  </UADataType>
  <UAObject NodeId="i=885" BrowseName="Default XML" SymbolicName="DefaultXml">
    <DisplayName>Default XML</DisplayName>
    <References>
      <Reference ReferenceType="HasEncoding" IsForward="false">i=884</Reference>
      <Reference ReferenceType="HasDescription">i=8873</Reference>
      <Reference ReferenceType="HasTypeDefinition">i=76</Reference>
    </References>
  </UAObject>
  <UAObject NodeId="i=888" BrowseName="Default XML" SymbolicName="DefaultXml">
    <DisplayName>Default XML</DisplayName>
    <References>
      <Reference ReferenceType="HasEncoding" IsForward="false">i=887</Reference>
      <Reference ReferenceType="HasDescription">i=8876</Reference>
      <Reference ReferenceType="HasTypeDefinition">i=76</Reference>
    </References>
  </UAObject>
  <UAObject NodeId="i=12173" BrowseName="Default XML" SymbolicName="DefaultXml">
    <DisplayName>Default XML</DisplayName>
    <References>
      <Reference ReferenceType="HasEncoding" IsForward="false">i=12171</Reference>
      <Reference ReferenceType="HasDescription">i=12175</Reference>
      <Reference ReferenceType="HasTypeDefinition">i=76</Reference>
    </References>
  </UAObject>
  <UAObject NodeId="i=12174" BrowseName="Default XML" SymbolicName="DefaultXml">
    <DisplayName>Default XML</DisplayName>
    <References>
      <Reference ReferenceType="HasEncoding" IsForward="false">i=12172</Reference>
      <Reference ReferenceType="HasDescription">i=12178</Reference>
      <Reference ReferenceType="HasTypeDefinition">i=76</Reference>
    </References>
  </UAObject>
  <UAObject NodeId="i=12081" BrowseName="Default XML" SymbolicName="DefaultXml">
    <DisplayName>Default XML</DisplayName>
    <References>
      <Reference ReferenceType="HasEncoding" IsForward="false">i=12079</Reference>
      <Reference ReferenceType="HasDescription">i=12083</Reference>
      <Reference ReferenceType="HasTypeDefinition">i=76</Reference>
    </References>
  </UAObject>
  <UAObject NodeId="i=12082" BrowseName="Default XML" SymbolicName="DefaultXml">
    <DisplayName>Default XML</DisplayName>
    <References>
      <Reference ReferenceType="HasEncoding" IsForward="false">i=12080</Reference>
      <Reference ReferenceType="HasDescription">i=12086</Reference>
      <Reference ReferenceType="HasTypeDefinition">i=76</Reference>
    </References>
  </UAObject>
  <UAObject NodeId="i=886" BrowseName="Default Binary" SymbolicName="DefaultBinary">
    <DisplayName>Default Binary</DisplayName>
    <References>
      <Reference ReferenceType="HasEncoding" IsForward="false">i=884</Reference>
      <Reference ReferenceType="HasDescription">i=8238</Reference>
      <Reference ReferenceType="HasTypeDefinition">i=76</Reference>
    </References>
  </UAObject>
  <UAObject NodeId="i=889" BrowseName="Default Binary" SymbolicName="DefaultBinary">
    <DisplayName>Default Binary</DisplayName>
    <References>
      <Reference ReferenceType="HasEncoding" IsForward="false">i=887</Reference>
      <Reference ReferenceType="HasDescription">i=8241</Reference>
      <Reference ReferenceType="HasTypeDefinition">i=76</Reference>
    </References>
  </UAObject>
  <UAObject NodeId="i=12181" BrowseName="Default Binary" SymbolicName="DefaultBinary">
    <DisplayName>Default Binary</DisplayName>
    <References>
      <Reference ReferenceType="HasEncoding" IsForward="false">i=12171</Reference>
      <Reference ReferenceType="HasDescription">i=12183</Reference>
      <Reference ReferenceType="HasTypeDefinition">i=76</Reference>
    </References>
  </UAObject>
  <UAObject NodeId="i=12182" BrowseName="Default Binary" SymbolicName="DefaultBinary">
    <DisplayName>Default Binary</DisplayName>
    <References>
      <Reference ReferenceType="HasEncoding" IsForward="false">i=12172</Reference>
      <Reference ReferenceType="HasDescription">i=12186</Reference>
      <Reference ReferenceType="HasTypeDefinition">i=76</Reference>
    </References>
  </UAObject>
  <UAObject NodeId="i=12089" BrowseName="Default Binary" SymbolicName="DefaultBinary">
    <DisplayName>Default Binary</DisplayName>
    <References>
      <Reference ReferenceType="HasEncoding" IsForward="false">i=12079</Reference>
      <Reference ReferenceType="HasDescription">i=12091</Reference>
      <Reference ReferenceType="HasTypeDefinition">i=76</Reference>
    </References>
  </UAObject>
  <UAObject NodeId="i=12090" BrowseName="Default Binary" SymbolicName="DefaultBinary">
    <DisplayName>Default Binary</DisplayName>
    <References>
      <Reference ReferenceType="HasEncoding" IsForward="false">i=12080</Reference>
      <Reference ReferenceType="HasDescription">i=12094</Reference>
      <Reference ReferenceType="HasTypeDefinition">i=76</Reference>
    </References>
  </UAObject>
</UANodeSet>