﻿<?xml version="1.0" encoding="utf-8"?>
<NodeSet xmlns:i="http://www.w3.org/2001/XMLSchema-instance" xmlns="http://opcfoundation.org/UA/2008/02/Types.xsd">
  <NamespaceUris>
    <String>http://opcfoundation.org/UA/</String>
    <String>http://opcfoundation.org/UA/DI/</String>
  </NamespaceUris>
  <ServerUris />
  <Nodes>
    <Node i:type="ObjectTypeNode">
      <NodeId>
        <Identifier>ns=1;i=1001</Identifier>
      </NodeId>
      <NodeClass>ObjectType_8</NodeClass>
      <BrowseName>
        <NamespaceIndex>1</NamespaceIndex>
        <Name>TopologyElementType</Name>
      </BrowseName>
      <DisplayName>
        <Locale></Locale>
        <Text>TopologyElementType</Text>
      </DisplayName>
      <Description>
        <Locale></Locale>
        <Text>Defines the basic information components for all configurable elements in a device topology</Text>
      </Description>
      <WriteMask>0</WriteMask>
      <UserWriteMask>0</UserWriteMask>
      <References>
        <ReferenceNode>
          <ReferenceTypeId>
            <Identifier>i=45</Identifier>
          </ReferenceTypeId>
          <IsInverse>true</IsInverse>
          <TargetId>
            <Identifier>i=58</Identifier>
          </TargetId>
        </ReferenceNode>
        <ReferenceNode>
          <ReferenceTypeId>
            <Identifier>i=47</Identifier>
          </ReferenceTypeId>
          <IsInverse>false</IsInverse>
          <TargetId>
            <Identifier>ns=1;i=5002</Identifier>
          </TargetId>
        </ReferenceNode>
        <ReferenceNode>
          <ReferenceTypeId>
            <Identifier>i=47</Identifier>
          </ReferenceTypeId>
          <IsInverse>false</IsInverse>
          <TargetId>
            <Identifier>ns=1;i=5003</Identifier>
          </TargetId>
        </ReferenceNode>
        <ReferenceNode>
          <ReferenceTypeId>
            <Identifier>i=47</Identifier>
          </ReferenceTypeId>
          <IsInverse>false</IsInverse>
          <TargetId>
            <Identifier>ns=1;i=6019</Identifier>
          </TargetId>
        </ReferenceNode>
        <ReferenceNode>
          <ReferenceTypeId>
            <Identifier>i=47</Identifier>
          </ReferenceTypeId>
          <IsInverse>false</IsInverse>
          <TargetId>
            <Identifier>ns=1;i=6014</Identifier>
          </TargetId>
        </ReferenceNode>
        <ReferenceNode>
          <ReferenceTypeId>
            <Identifier>i=45</Identifier>
          </ReferenceTypeId>
          <IsInverse>false</IsInverse>
          <TargetId>
            <Identifier>ns=1;i=1002</Identifier>
          </TargetId>
        </ReferenceNode>
        <ReferenceNode>
          <ReferenceTypeId>
            <Identifier>i=45</Identifier>
          </ReferenceTypeId>
          <IsInverse>false</IsInverse>
          <TargetId>
            <Identifier>ns=1;i=1003</Identifier>
          </TargetId>
        </ReferenceNode>
      </References>
      <IsAbstract>true</IsAbstract>
    </Node>
    <Node i:type="ObjectTypeNode">
      <NodeId>
        <Identifier>ns=1;i=1002</Identifier>
      </NodeId>
      <NodeClass>ObjectType_8</NodeClass>
      <BrowseName>
        <NamespaceIndex>1</NamespaceIndex>
        <Name>DeviceType</Name>
      </BrowseName>
      <DisplayName>
        <Locale></Locale>
        <Text>DeviceType</Text>
      </DisplayName>
      <Description>
        <Locale></Locale>
        <Text>Defines the basic information components for all configurable elements in a device topology</Text>
      </Description>
      <WriteMask>0</WriteMask>
      <UserWriteMask>0</UserWriteMask>
      <References>
        <ReferenceNode>
          <ReferenceTypeId>
            <Identifier>i=45</Identifier>
          </ReferenceTypeId>
          <IsInverse>true</IsInverse>
          <TargetId>
            <Identifier>ns=1;i=1001</Identifier>
          </TargetId>
        </ReferenceNode>
        <ReferenceNode>
          <ReferenceTypeId>
            <Identifier>i=46</Identifier>
          </ReferenceTypeId>
          <IsInverse>false</IsInverse>
          <TargetId>
            <Identifier>ns=1;i=6001</Identifier>
          </TargetId>
        </ReferenceNode>
        <ReferenceNode>
          <ReferenceTypeId>
            <Identifier>i=46</Identifier>
          </ReferenceTypeId>
          <IsInverse>false</IsInverse>
          <TargetId>
            <Identifier>ns=1;i=6002</Identifier>
          </TargetId>
        </ReferenceNode>
        <ReferenceNode>
          <ReferenceTypeId>
            <Identifier>i=46</Identifier>
          </ReferenceTypeId>
          <IsInverse>false</IsInverse>
          <TargetId>
            <Identifier>ns=1;i=6003</Identifier>
          </TargetId>
        </ReferenceNode>
        <ReferenceNode>
          <ReferenceTypeId>
            <Identifier>i=46</Identifier>
          </ReferenceTypeId>
          <IsInverse>false</IsInverse>
          <TargetId>
            <Identifier>ns=1;i=6004</Identifier>
          </TargetId>
        </ReferenceNode>
        <ReferenceNode>
          <ReferenceTypeId>
            <Identifier>i=46</Identifier>
          </ReferenceTypeId>
          <IsInverse>false</IsInverse>
          <TargetId>
            <Identifier>ns=1;i=6005</Identifier>
          </TargetId>
        </ReferenceNode>
        <ReferenceNode>
          <ReferenceTypeId>
            <Identifier>i=46</Identifier>
          </ReferenceTypeId>
          <IsInverse>false</IsInverse>
          <TargetId>
            <Identifier>ns=1;i=6006</Identifier>
          </TargetId>
        </ReferenceNode>
        <ReferenceNode>
          <ReferenceTypeId>
            <Identifier>i=46</Identifier>
          </ReferenceTypeId>
          <IsInverse>false</IsInverse>
          <TargetId>
            <Identifier>ns=1;i=6007</Identifier>
          </TargetId>
        </ReferenceNode>
        <ReferenceNode>
          <ReferenceTypeId>
            <Identifier>i=46</Identifier>
          </ReferenceTypeId>
          <IsInverse>false</IsInverse>
          <TargetId>
            <Identifier>ns=1;i=6008</Identifier>
          </TargetId>
        </ReferenceNode>
      </References>
      <IsAbstract>true</IsAbstract>
    </Node>
    <Node i:type="ObjectTypeNode">
      <NodeId>
        <Identifier>ns=1;i=1003</Identifier>
      </NodeId>
      <NodeClass>ObjectType_8</NodeClass>
      <BrowseName>
        <NamespaceIndex>1</NamespaceIndex>
        <Name>BlockType</Name>
      </BrowseName>
      <DisplayName>
        <Locale></Locale>
        <Text>BlockType</Text>
      </DisplayName>
      <Description>
        <Locale></Locale>
        <Text>Adds the concept of Blocks needed for block-oriented FieldDevices</Text>
      </Description>
      <WriteMask>0</WriteMask>
      <UserWriteMask>0</UserWriteMask>
      <References>
        <ReferenceNode>
          <ReferenceTypeId>
            <Identifier>i=45</Identifier>
          </ReferenceTypeId>
          <IsInverse>true</IsInverse>
          <TargetId>
            <Identifier>ns=1;i=1001</Identifier>
          </TargetId>
        </ReferenceNode>
        <ReferenceNode>
          <ReferenceTypeId>
            <Identifier>i=46</Identifier>
          </ReferenceTypeId>
          <IsInverse>false</IsInverse>
          <TargetId>
            <Identifier>ns=1;i=6009</Identifier>
          </TargetId>
        </ReferenceNode>
        <ReferenceNode>
          <ReferenceTypeId>
            <Identifier>i=46</Identifier>
          </ReferenceTypeId>
          <IsInverse>false</IsInverse>
          <TargetId>
            <Identifier>ns=1;i=6010</Identifier>
          </TargetId>
        </ReferenceNode>
        <ReferenceNode>
          <ReferenceTypeId>
            <Identifier>i=46</Identifier>
          </ReferenceTypeId>
          <IsInverse>false</IsInverse>
          <TargetId>
            <Identifier>ns=1;i=6011</Identifier>
          </TargetId>
        </ReferenceNode>
        <ReferenceNode>
          <ReferenceTypeId>
            <Identifier>i=46</Identifier>
          </ReferenceTypeId>
          <IsInverse>false</IsInverse>
          <TargetId>
            <Identifier>ns=1;i=6012</Identifier>
          </TargetId>
        </ReferenceNode>
        <ReferenceNode>
          <ReferenceTypeId>
            <Identifier>i=46</Identifier>
          </ReferenceTypeId>
          <IsInverse>false</IsInverse>
          <TargetId>
            <Identifier>ns=1;i=6013</Identifier>
          </TargetId>
        </ReferenceNode>
      </References>
      <IsAbstract>true</IsAbstract>
    </Node>
    <Node i:type="ObjectTypeNode">
      <NodeId>
        <Identifier>ns=1;i=1004</Identifier>
      </NodeId>
      <NodeClass>ObjectType_8</NodeClass>
      <BrowseName>
        <NamespaceIndex>1</NamespaceIndex>
        <Name>ConfigurableObjectType</Name>
      </BrowseName>
      <DisplayName>
        <Locale></Locale>
        <Text>ConfigurableObjectType</Text>
      </DisplayName>
      <Description>
        <Locale></Locale>
        <Text>Defines a general pattern to expose and configure modular components</Text>
      </Description>
      <WriteMask>0</WriteMask>
      <UserWriteMask>0</UserWriteMask>
      <References>
        <ReferenceNode>
          <ReferenceTypeId>
            <Identifier>i=45</Identifier>
          </ReferenceTypeId>
          <IsInverse>true</IsInverse>
          <TargetId>
            <Identifier>i=58</Identifier>
          </TargetId>
        </ReferenceNode>
        <ReferenceNode>
          <ReferenceTypeId>
            <Identifier>i=47</Identifier>
          </ReferenceTypeId>
          <IsInverse>false</IsInverse>
          <TargetId>
            <Identifier>ns=1;i=5004</Identifier>
          </TargetId>
        </ReferenceNode>
        <ReferenceNode>
          <ReferenceTypeId>
            <Identifier>i=47</Identifier>
          </ReferenceTypeId>
          <IsInverse>false</IsInverse>
          <TargetId>
            <Identifier>ns=1;i=6026</Identifier>
          </TargetId>
        </ReferenceNode>
      </References>
      <IsAbstract>false</IsAbstract>
    </Node>
    <Node i:type="ObjectTypeNode">
      <NodeId>
        <Identifier>ns=1;i=1005</Identifier>
      </NodeId>
      <NodeClass>ObjectType_8</NodeClass>
      <BrowseName>
        <NamespaceIndex>1</NamespaceIndex>
        <Name>FunctionalGroupType</Name>
      </BrowseName>
      <DisplayName>
        <Locale></Locale>
        <Text>FunctionalGroupType</Text>
      </DisplayName>
      <Description>
        <Locale></Locale>
        <Text>FolderType is used to organize the Parameters and Methods from the complete set (ParameterSet, MethodSet) with regard to their application</Text>
      </Description>
      <WriteMask>0</WriteMask>
      <UserWriteMask>0</UserWriteMask>
      <References>
        <ReferenceNode>
          <ReferenceTypeId>
            <Identifier>i=45</Identifier>
          </ReferenceTypeId>
          <IsInverse>true</IsInverse>
          <TargetId>
            <Identifier>i=61</Identifier>
          </TargetId>
        </ReferenceNode>
        <ReferenceNode>
          <ReferenceTypeId>
            <Identifier>i=47</Identifier>
          </ReferenceTypeId>
          <IsInverse>false</IsInverse>
          <TargetId>
            <Identifier>ns=1;i=6027</Identifier>
          </TargetId>
        </ReferenceNode>
        <ReferenceNode>
          <ReferenceTypeId>
            <Identifier>i=35</Identifier>
          </ReferenceTypeId>
          <IsInverse>false</IsInverse>
          <TargetId>
            <Identifier>ns=1;i=6028</Identifier>
          </TargetId>
        </ReferenceNode>
        <ReferenceNode>
          <ReferenceTypeId>
            <Identifier>i=35</Identifier>
          </ReferenceTypeId>
          <IsInverse>false</IsInverse>
          <TargetId>
            <Identifier>ns=1;i=6029</Identifier>
          </TargetId>
        </ReferenceNode>
      </References>
      <IsAbstract>false</IsAbstract>
    </Node>
    <Node i:type="ObjectTypeNode">
      <NodeId>
        <Identifier>ns=1;i=1006</Identifier>
      </NodeId>
      <NodeClass>ObjectType_8</NodeClass>
      <BrowseName>
        <NamespaceIndex>1</NamespaceIndex>
        <Name>ProtocolType</Name>
      </BrowseName>
      <DisplayName>
        <Locale></Locale>
        <Text>ProtocolType</Text>
      </DisplayName>
      <Description>
        <Locale></Locale>
        <Text>General structure of a Protocol ObjectType</Text>
      </Description>
      <WriteMask>0</WriteMask>
      <UserWriteMask>0</UserWriteMask>
      <References>
        <ReferenceNode>
          <ReferenceTypeId>
            <Identifier>i=45</Identifier>
          </ReferenceTypeId>
          <IsInverse>true</IsInverse>
          <TargetId>
            <Identifier>i=58</Identifier>
          </TargetId>
        </ReferenceNode>
      </References>
      <IsAbstract>true</IsAbstract>
    </Node>
    <Node i:type="ReferenceTypeNode">
      <NodeId>
        <Identifier>ns=1;i=4001</Identifier>
      </NodeId>
      <NodeClass>ReferenceType_32</NodeClass>
      <BrowseName>
        <NamespaceIndex>1</NamespaceIndex>
        <Name>Uses</Name>
      </BrowseName>
      <DisplayName>
        <Locale></Locale>
        <Text>Uses</Text>
      </DisplayName>
      <Description>
        <Locale></Locale>
        <Text>The semantic is to indicate that the target Node is used for the source Node of the Reference</Text>
      </Description>
      <WriteMask>0</WriteMask>
      <UserWriteMask>0</UserWriteMask>
      <References>
        <ReferenceNode>
          <ReferenceTypeId>
            <Identifier>i=45</Identifier>
          </ReferenceTypeId>
          <IsInverse>true</IsInverse>
          <TargetId>
            <Identifier>i=35</Identifier>
          </TargetId>
        </ReferenceNode>
      </References>
      <IsAbstract>false</IsAbstract>
      <Symmetric>false</Symmetric>
      <InverseName>
        <Locale></Locale>
        <Text>UsedBy</Text>
      </InverseName>
    </Node>
    <Node i:type="ObjectNode">
      <NodeId>
        <Identifier>ns=1;i=5001</Identifier>
      </NodeId>
      <NodeClass>Object_1</NodeClass>
      <BrowseName>
        <NamespaceIndex>1</NamespaceIndex>
        <Name>DeviceSet</Name>
      </BrowseName>
      <DisplayName>
        <Locale></Locale>
        <Text>DeviceSet</Text>
      </DisplayName>
      <Description>
        <Locale></Locale>
        <Text>Contains all instances of devices</Text>
      </Description>
      <WriteMask>0</WriteMask>
      <UserWriteMask>0</UserWriteMask>
      <References>
        <ReferenceNode>
          <ReferenceTypeId>
            <Identifier>i=40</Identifier>
          </ReferenceTypeId>
          <IsInverse>false</IsInverse>
          <TargetId>
            <Identifier>i=58</Identifier>
          </TargetId>
        </ReferenceNode>
        <ReferenceNode>
          <ReferenceTypeId>
            <Identifier>i=35</Identifier>
          </ReferenceTypeId>
          <IsInverse>true</IsInverse>
          <TargetId>
            <Identifier>i=85</Identifier>
          </TargetId>
        </ReferenceNode>
      </References>
      <EventNotifier>0</EventNotifier>
    </Node>
    <Node i:type="ObjectNode">
      <NodeId>
        <Identifier>ns=1;i=5002</Identifier>
      </NodeId>
      <NodeClass>Object_1</NodeClass>
      <BrowseName>
        <NamespaceIndex>1</NamespaceIndex>
        <Name>ParameterSet</Name>
      </BrowseName>
      <DisplayName>
        <Locale></Locale>
        <Text>ParameterSet</Text>
      </DisplayName>
      <Description>
        <Locale></Locale>
        <Text>Flat list of Parameters</Text>
      </Description>
      <WriteMask>0</WriteMask>
      <UserWriteMask>0</UserWriteMask>
      <References>
        <ReferenceNode>
          <ReferenceTypeId>
            <Identifier>i=47</Identifier>
          </ReferenceTypeId>
          <IsInverse>true</IsInverse>
          <TargetId>
            <Identifier>ns=1;i=1001</Identifier>
          </TargetId>
        </ReferenceNode>
        <ReferenceNode>
          <ReferenceTypeId>
            <Identifier>i=40</Identifier>
          </ReferenceTypeId>
          <IsInverse>false</IsInverse>
          <TargetId>
            <Identifier>i=58</Identifier>
          </TargetId>
        </ReferenceNode>
        <ReferenceNode>
          <ReferenceTypeId>
            <Identifier>i=37</Identifier>
          </ReferenceTypeId>
          <IsInverse>false</IsInverse>
          <TargetId>
            <Identifier>i=78</Identifier>
          </TargetId>
        </ReferenceNode>
        <ReferenceNode>
          <ReferenceTypeId>
            <Identifier>i=35</Identifier>
          </ReferenceTypeId>
          <IsInverse>false</IsInverse>
          <TargetId>
            <Identifier>ns=1;i=6017</Identifier>
          </TargetId>
        </ReferenceNode>
      </References>
      <EventNotifier>0</EventNotifier>
    </Node>
    <Node i:type="ObjectNode">
      <NodeId>
        <Identifier>ns=1;i=5003</Identifier>
      </NodeId>
      <NodeClass>Object_1</NodeClass>
      <BrowseName>
        <NamespaceIndex>1</NamespaceIndex>
        <Name>MethodSet</Name>
      </BrowseName>
      <DisplayName>
        <Locale></Locale>
        <Text>MethodSet</Text>
      </DisplayName>
      <Description>
        <Locale></Locale>
        <Text>Flat list of Methods</Text>
      </Description>
      <WriteMask>0</WriteMask>
      <UserWriteMask>0</UserWriteMask>
      <References>
        <ReferenceNode>
          <ReferenceTypeId>
            <Identifier>i=47</Identifier>
          </ReferenceTypeId>
          <IsInverse>true</IsInverse>
          <TargetId>
            <Identifier>ns=1;i=1001</Identifier>
          </TargetId>
        </ReferenceNode>
        <ReferenceNode>
          <ReferenceTypeId>
            <Identifier>i=40</Identifier>
          </ReferenceTypeId>
          <IsInverse>false</IsInverse>
          <TargetId>
            <Identifier>i=58</Identifier>
          </TargetId>
        </ReferenceNode>
        <ReferenceNode>
          <ReferenceTypeId>
            <Identifier>i=37</Identifier>
          </ReferenceTypeId>
          <IsInverse>false</IsInverse>
          <TargetId>
            <Identifier>i=80</Identifier>
          </TargetId>
        </ReferenceNode>
        <ReferenceNode>
          <ReferenceTypeId>
            <Identifier>i=35</Identifier>
          </ReferenceTypeId>
          <IsInverse>false</IsInverse>
          <TargetId>
            <Identifier>ns=1;i=6018</Identifier>
          </TargetId>
        </ReferenceNode>
      </References>
      <EventNotifier>0</EventNotifier>
    </Node>
    <Node i:type="ObjectNode">
      <NodeId>
        <Identifier>ns=1;i=5004</Identifier>
      </NodeId>
      <NodeClass>Object_1</NodeClass>
      <BrowseName>
        <NamespaceIndex>1</NamespaceIndex>
        <Name>SupportedTypes</Name>
      </BrowseName>
      <DisplayName>
        <Locale></Locale>
        <Text>SupportedTypes</Text>
      </DisplayName>
      <Description>
        <Locale></Locale>
        <Text>Folder maintaining the set of (sub-types of) BaseObjectTypes that can be instantiated in the ConfigurableComponent</Text>
      </Description>
      <WriteMask>0</WriteMask>
      <UserWriteMask>0</UserWriteMask>
      <References>
        <ReferenceNode>
          <ReferenceTypeId>
            <Identifier>i=47</Identifier>
          </ReferenceTypeId>
          <IsInverse>true</IsInverse>
          <TargetId>
            <Identifier>ns=1;i=1004</Identifier>
          </TargetId>
        </ReferenceNode>
        <ReferenceNode>
          <ReferenceTypeId>
            <Identifier>i=40</Identifier>
          </ReferenceTypeId>
          <IsInverse>false</IsInverse>
          <TargetId>
            <Identifier>i=61</Identifier>
          </TargetId>
        </ReferenceNode>
        <ReferenceNode>
          <ReferenceTypeId>
            <Identifier>i=37</Identifier>
          </ReferenceTypeId>
          <IsInverse>false</IsInverse>
          <TargetId>
            <Identifier>i=78</Identifier>
          </TargetId>
        </ReferenceNode>
      </References>
      <EventNotifier>0</EventNotifier>
    </Node>
    <Node i:type="VariableNode">
      <NodeId>
        <Identifier>ns=1;i=6001</Identifier>
      </NodeId>
      <NodeClass>Variable_2</NodeClass>
      <BrowseName>
        <NamespaceIndex>1</NamespaceIndex>
        <Name>SerialNumber</Name>
      </BrowseName>
      <DisplayName>
        <Locale></Locale>
        <Text>SerialNumber</Text>
      </DisplayName>
      <Description>
        <Locale></Locale>
        <Text>Identifier that uniquely identifies, within a manufacturer, a device instance</Text>
      </Description>
      <WriteMask>0</WriteMask>
      <UserWriteMask>0</UserWriteMask>
      <References>
        <ReferenceNode>
          <ReferenceTypeId>
            <Identifier>i=46</Identifier>
          </ReferenceTypeId>
          <IsInverse>true</IsInverse>
          <TargetId>
            <Identifier>ns=1;i=1002</Identifier>
          </TargetId>
        </ReferenceNode>
        <ReferenceNode>
          <ReferenceTypeId>
            <Identifier>i=40</Identifier>
          </ReferenceTypeId>
          <IsInverse>false</IsInverse>
          <TargetId>
            <Identifier>i=68</Identifier>
          </TargetId>
        </ReferenceNode>
        <ReferenceNode>
          <ReferenceTypeId>
            <Identifier>i=37</Identifier>
          </ReferenceTypeId>
          <IsInverse>false</IsInverse>
          <TargetId>
            <Identifier>i=78</Identifier>
          </TargetId>
        </ReferenceNode>
      </References>
      <Value>
        <Value>
          <Null xmlns="http://opcfoundation.org/UA/2008/02/Types.xsd" />
        </Value>
      </Value>
      <DataType>
        <Identifier>i=12</Identifier>
      </DataType>
      <ValueRank>-1</ValueRank>
      <ArrayDimensions />
      <AccessLevel>1</AccessLevel>
      <UserAccessLevel>1</UserAccessLevel>
      <MinimumSamplingInterval>0</MinimumSamplingInterval>
      <Historizing>false</Historizing>
    </Node>
    <Node i:type="VariableNode">
      <NodeId>
        <Identifier>ns=1;i=6002</Identifier>
      </NodeId>
      <NodeClass>Variable_2</NodeClass>
      <BrowseName>
        <NamespaceIndex>1</NamespaceIndex>
        <Name>RevisionCounter</Name>
      </BrowseName>
      <DisplayName>
        <Locale></Locale>
        <Text>RevisionCounter</Text>
      </DisplayName>
      <Description>
        <Locale></Locale>
        <Text>An incremental counter indicating the number of times the static data within the Device has been modified</Text>
      </Description>
      <WriteMask>0</WriteMask>
      <UserWriteMask>0</UserWriteMask>
      <References>
        <ReferenceNode>
          <ReferenceTypeId>
            <Identifier>i=46</Identifier>
          </ReferenceTypeId>
          <IsInverse>true</IsInverse>
          <TargetId>
            <Identifier>ns=1;i=1002</Identifier>
          </TargetId>
        </ReferenceNode>
        <ReferenceNode>
          <ReferenceTypeId>
            <Identifier>i=40</Identifier>
          </ReferenceTypeId>
          <IsInverse>false</IsInverse>
          <TargetId>
            <Identifier>i=68</Identifier>
          </TargetId>
        </ReferenceNode>
        <ReferenceNode>
          <ReferenceTypeId>
            <Identifier>i=37</Identifier>
          </ReferenceTypeId>
          <IsInverse>false</IsInverse>
          <TargetId>
            <Identifier>i=78</Identifier>
          </TargetId>
        </ReferenceNode>
      </References>
      <Value>
        <Value>
          <Int32 xmlns="http://opcfoundation.org/UA/2008/02/Types.xsd">0</Int32>
        </Value>
      </Value>
      <DataType>
        <Identifier>i=6</Identifier>
      </DataType>
      <ValueRank>-1</ValueRank>
      <ArrayDimensions />
      <AccessLevel>1</AccessLevel>
      <UserAccessLevel>1</UserAccessLevel>
      <MinimumSamplingInterval>0</MinimumSamplingInterval>
      <Historizing>false</Historizing>
    </Node>
    <Node i:type="VariableNode">
      <NodeId>
        <Identifier>ns=1;i=6003</Identifier>
      </NodeId>
      <NodeClass>Variable_2</NodeClass>
      <BrowseName>
        <NamespaceIndex>1</NamespaceIndex>
        <Name>Manufacturer</Name>
      </BrowseName>
      <DisplayName>
        <Locale></Locale>
        <Text>Manufacturer</Text>
      </DisplayName>
      <Description>
        <Locale></Locale>
        <Text>Model name of the device</Text>
      </Description>
      <WriteMask>0</WriteMask>
      <UserWriteMask>0</UserWriteMask>
      <References>
        <ReferenceNode>
          <ReferenceTypeId>
            <Identifier>i=46</Identifier>
          </ReferenceTypeId>
          <IsInverse>true</IsInverse>
          <TargetId>
            <Identifier>ns=1;i=1002</Identifier>
          </TargetId>
        </ReferenceNode>
        <ReferenceNode>
          <ReferenceTypeId>
            <Identifier>i=40</Identifier>
          </ReferenceTypeId>
          <IsInverse>false</IsInverse>
          <TargetId>
            <Identifier>i=68</Identifier>
          </TargetId>
        </ReferenceNode>
        <ReferenceNode>
          <ReferenceTypeId>
            <Identifier>i=37</Identifier>
          </ReferenceTypeId>
          <IsInverse>false</IsInverse>
          <TargetId>
            <Identifier>i=78</Identifier>
          </TargetId>
        </ReferenceNode>
      </References>
      <Value>
        <Value>
          <LocalizedText xmlns="http://opcfoundation.org/UA/2008/02/Types.xsd">
            <Locale p2:nil="true" xmlns:p2="http://www.w3.org/2001/XMLSchema-instance" />
            <Text p2:nil="true" xmlns:p2="http://www.w3.org/2001/XMLSchema-instance" />
          </LocalizedText>
        </Value>
      </Value>
      <DataType>
        <Identifier>i=21</Identifier>
      </DataType>
      <ValueRank>-1</ValueRank>
      <ArrayDimensions />
      <AccessLevel>1</AccessLevel>
      <UserAccessLevel>1</UserAccessLevel>
      <MinimumSamplingInterval>0</MinimumSamplingInterval>
      <Historizing>false</Historizing>
    </Node>
    <Node i:type="VariableNode">
      <NodeId>
        <Identifier>ns=1;i=6004</Identifier>
      </NodeId>
      <NodeClass>Variable_2</NodeClass>
      <BrowseName>
        <NamespaceIndex>1</NamespaceIndex>
        <Name>Model</Name>
      </BrowseName>
      <DisplayName>
        <Locale></Locale>
        <Text>Model</Text>
      </DisplayName>
      <Description>
        <Locale></Locale>
        <Text>Name of the company that manufactured the device</Text>
      </Description>
      <WriteMask>0</WriteMask>
      <UserWriteMask>0</UserWriteMask>
      <References>
        <ReferenceNode>
          <ReferenceTypeId>
            <Identifier>i=46</Identifier>
          </ReferenceTypeId>
          <IsInverse>true</IsInverse>
          <TargetId>
            <Identifier>ns=1;i=1002</Identifier>
          </TargetId>
        </ReferenceNode>
        <ReferenceNode>
          <ReferenceTypeId>
            <Identifier>i=40</Identifier>
          </ReferenceTypeId>
          <IsInverse>false</IsInverse>
          <TargetId>
            <Identifier>i=68</Identifier>
          </TargetId>
        </ReferenceNode>
        <ReferenceNode>
          <ReferenceTypeId>
            <Identifier>i=37</Identifier>
          </ReferenceTypeId>
          <IsInverse>false</IsInverse>
          <TargetId>
            <Identifier>i=78</Identifier>
          </TargetId>
        </ReferenceNode>
      </References>
      <Value>
        <Value>
          <LocalizedText xmlns="http://opcfoundation.org/UA/2008/02/Types.xsd">
            <Locale p2:nil="true" xmlns:p2="http://www.w3.org/2001/XMLSchema-instance" />
            <Text p2:nil="true" xmlns:p2="http://www.w3.org/2001/XMLSchema-instance" />
          </LocalizedText>
        </Value>
      </Value>
      <DataType>
        <Identifier>i=21</Identifier>
      </DataType>
      <ValueRank>-1</ValueRank>
      <ArrayDimensions />
      <AccessLevel>1</AccessLevel>
      <UserAccessLevel>1</UserAccessLevel>
      <MinimumSamplingInterval>0</MinimumSamplingInterval>
      <Historizing>false</Historizing>
    </Node>
    <Node i:type="VariableNode">
      <NodeId>
        <Identifier>ns=1;i=6005</Identifier>
      </NodeId>
      <NodeClass>Variable_2</NodeClass>
      <BrowseName>
        <NamespaceIndex>1</NamespaceIndex>
        <Name>DeviceManual</Name>
      </BrowseName>
      <DisplayName>
        <Locale></Locale>
        <Text>DeviceManual</Text>
      </DisplayName>
      <Description>
        <Locale></Locale>
        <Text>Address (pathname in the file system or a URL | Web address) of user manual for the device</Text>
      </Description>
      <WriteMask>0</WriteMask>
      <UserWriteMask>0</UserWriteMask>
      <References>
        <ReferenceNode>
          <ReferenceTypeId>
            <Identifier>i=46</Identifier>
          </ReferenceTypeId>
          <IsInverse>true</IsInverse>
          <TargetId>
            <Identifier>ns=1;i=1002</Identifier>
          </TargetId>
        </ReferenceNode>
        <ReferenceNode>
          <ReferenceTypeId>
            <Identifier>i=40</Identifier>
          </ReferenceTypeId>
          <IsInverse>false</IsInverse>
          <TargetId>
            <Identifier>i=68</Identifier>
          </TargetId>
        </ReferenceNode>
        <ReferenceNode>
          <ReferenceTypeId>
            <Identifier>i=37</Identifier>
          </ReferenceTypeId>
          <IsInverse>false</IsInverse>
          <TargetId>
            <Identifier>i=78</Identifier>
          </TargetId>
        </ReferenceNode>
      </References>
      <Value>
        <Value>
          <Null xmlns="http://opcfoundation.org/UA/2008/02/Types.xsd" />
        </Value>
      </Value>
      <DataType>
        <Identifier>i=12</Identifier>
      </DataType>
      <ValueRank>-1</ValueRank>
      <ArrayDimensions />
      <AccessLevel>1</AccessLevel>
      <UserAccessLevel>1</UserAccessLevel>
      <MinimumSamplingInterval>0</MinimumSamplingInterval>
      <Historizing>false</Historizing>
    </Node>
    <Node i:type="VariableNode">
      <NodeId>
        <Identifier>ns=1;i=6006</Identifier>
      </NodeId>
      <NodeClass>Variable_2</NodeClass>
      <BrowseName>
        <NamespaceIndex>1</NamespaceIndex>
        <Name>DeviceRevision</Name>
      </BrowseName>
      <DisplayName>
        <Locale></Locale>
        <Text>DeviceRevision</Text>
      </DisplayName>
      <Description>
        <Locale></Locale>
        <Text>Overall revision level of the device</Text>
      </Description>
      <WriteMask>0</WriteMask>
      <UserWriteMask>0</UserWriteMask>
      <References>
        <ReferenceNode>
          <ReferenceTypeId>
            <Identifier>i=46</Identifier>
          </ReferenceTypeId>
          <IsInverse>true</IsInverse>
          <TargetId>
            <Identifier>ns=1;i=1002</Identifier>
          </TargetId>
        </ReferenceNode>
        <ReferenceNode>
          <ReferenceTypeId>
            <Identifier>i=40</Identifier>
          </ReferenceTypeId>
          <IsInverse>false</IsInverse>
          <TargetId>
            <Identifier>i=68</Identifier>
          </TargetId>
        </ReferenceNode>
        <ReferenceNode>
          <ReferenceTypeId>
            <Identifier>i=37</Identifier>
          </ReferenceTypeId>
          <IsInverse>false</IsInverse>
          <TargetId>
            <Identifier>i=78</Identifier>
          </TargetId>
        </ReferenceNode>
      </References>
      <Value>
        <Value>
          <Null xmlns="http://opcfoundation.org/UA/2008/02/Types.xsd" />
        </Value>
      </Value>
      <DataType>
        <Identifier>i=12</Identifier>
      </DataType>
      <ValueRank>-1</ValueRank>
      <ArrayDimensions />
      <AccessLevel>1</AccessLevel>
      <UserAccessLevel>1</UserAccessLevel>
      <MinimumSamplingInterval>0</MinimumSamplingInterval>
      <Historizing>false</Historizing>
    </Node>
    <Node i:type="VariableNode">
      <NodeId>
        <Identifier>ns=1;i=6007</Identifier>
      </NodeId>
      <NodeClass>Variable_2</NodeClass>
      <BrowseName>
        <NamespaceIndex>1</NamespaceIndex>
        <Name>SoftwareRevision</Name>
      </BrowseName>
      <DisplayName>
        <Locale></Locale>
        <Text>SoftwareRevision</Text>
      </DisplayName>
      <Description>
        <Locale></Locale>
        <Text>Revision level of the software/firmware of the device</Text>
      </Description>
      <WriteMask>0</WriteMask>
      <UserWriteMask>0</UserWriteMask>
      <References>
        <ReferenceNode>
          <ReferenceTypeId>
            <Identifier>i=46</Identifier>
          </ReferenceTypeId>
          <IsInverse>true</IsInverse>
          <TargetId>
            <Identifier>ns=1;i=1002</Identifier>
          </TargetId>
        </ReferenceNode>
        <ReferenceNode>
          <ReferenceTypeId>
            <Identifier>i=40</Identifier>
          </ReferenceTypeId>
          <IsInverse>false</IsInverse>
          <TargetId>
            <Identifier>i=68</Identifier>
          </TargetId>
        </ReferenceNode>
        <ReferenceNode>
          <ReferenceTypeId>
            <Identifier>i=37</Identifier>
          </ReferenceTypeId>
          <IsInverse>false</IsInverse>
          <TargetId>
            <Identifier>i=78</Identifier>
          </TargetId>
        </ReferenceNode>
      </References>
      <Value>
        <Value>
          <Null xmlns="http://opcfoundation.org/UA/2008/02/Types.xsd" />
        </Value>
      </Value>
      <DataType>
        <Identifier>i=12</Identifier>
      </DataType>
      <ValueRank>-1</ValueRank>
      <ArrayDimensions />
      <AccessLevel>1</AccessLevel>
      <UserAccessLevel>1</UserAccessLevel>
      <MinimumSamplingInterval>0</MinimumSamplingInterval>
      <Historizing>false</Historizing>
    </Node>
    <Node i:type="VariableNode">
      <NodeId>
        <Identifier>ns=1;i=6008</Identifier>
      </NodeId>
      <NodeClass>Variable_2</NodeClass>
      <BrowseName>
        <NamespaceIndex>1</NamespaceIndex>
        <Name>HardwareRevision</Name>
      </BrowseName>
      <DisplayName>
        <Locale></Locale>
        <Text>HardwareRevision</Text>
      </DisplayName>
      <Description>
        <Locale></Locale>
        <Text>Revision level of the hardware of the device</Text>
      </Description>
      <WriteMask>0</WriteMask>
      <UserWriteMask>0</UserWriteMask>
      <References>
        <ReferenceNode>
          <ReferenceTypeId>
            <Identifier>i=46</Identifier>
          </ReferenceTypeId>
          <IsInverse>true</IsInverse>
          <TargetId>
            <Identifier>ns=1;i=1002</Identifier>
          </TargetId>
        </ReferenceNode>
        <ReferenceNode>
          <ReferenceTypeId>
            <Identifier>i=40</Identifier>
          </ReferenceTypeId>
          <IsInverse>false</IsInverse>
          <TargetId>
            <Identifier>i=68</Identifier>
          </TargetId>
        </ReferenceNode>
        <ReferenceNode>
          <ReferenceTypeId>
            <Identifier>i=37</Identifier>
          </ReferenceTypeId>
          <IsInverse>false</IsInverse>
          <TargetId>
            <Identifier>i=78</Identifier>
          </TargetId>
        </ReferenceNode>
      </References>
      <Value>
        <Value>
          <Null xmlns="http://opcfoundation.org/UA/2008/02/Types.xsd" />
        </Value>
      </Value>
      <DataType>
        <Identifier>i=12</Identifier>
      </DataType>
      <ValueRank>-1</ValueRank>
      <ArrayDimensions />
      <AccessLevel>1</AccessLevel>
      <UserAccessLevel>1</UserAccessLevel>
      <MinimumSamplingInterval>0</MinimumSamplingInterval>
      <Historizing>false</Historizing>
    </Node>
    <Node i:type="VariableNode">
      <NodeId>
        <Identifier>ns=1;i=6009</Identifier>
      </NodeId>
      <NodeClass>Variable_2</NodeClass>
      <BrowseName>
        <NamespaceIndex>1</NamespaceIndex>
        <Name>RevisionCounter</Name>
      </BrowseName>
      <DisplayName>
        <Locale></Locale>
        <Text>RevisionCounter</Text>
      </DisplayName>
      <Description>
        <Locale></Locale>
        <Text>Incremental counter indicating the number of times the static data within the Block has been modified</Text>
      </Description>
      <WriteMask>0</WriteMask>
      <UserWriteMask>0</UserWriteMask>
      <References>
        <ReferenceNode>
          <ReferenceTypeId>
            <Identifier>i=46</Identifier>
          </ReferenceTypeId>
          <IsInverse>true</IsInverse>
          <TargetId>
            <Identifier>ns=1;i=1003</Identifier>
          </TargetId>
        </ReferenceNode>
        <ReferenceNode>
          <ReferenceTypeId>
            <Identifier>i=40</Identifier>
          </ReferenceTypeId>
          <IsInverse>false</IsInverse>
          <TargetId>
            <Identifier>i=68</Identifier>
          </TargetId>
        </ReferenceNode>
        <ReferenceNode>
          <ReferenceTypeId>
            <Identifier>i=37</Identifier>
          </ReferenceTypeId>
          <IsInverse>false</IsInverse>
          <TargetId>
            <Identifier>i=80</Identifier>
          </TargetId>
        </ReferenceNode>
      </References>
      <Value>
        <Value>
          <UInt32 xmlns="http://opcfoundation.org/UA/2008/02/Types.xsd">0</UInt32>
        </Value>
      </Value>
      <DataType>
        <Identifier>i=7</Identifier>
      </DataType>
      <ValueRank>-1</ValueRank>
      <ArrayDimensions />
      <AccessLevel>1</AccessLevel>
      <UserAccessLevel>1</UserAccessLevel>
      <MinimumSamplingInterval>0</MinimumSamplingInterval>
      <Historizing>false</Historizing>
    </Node>
    <Node i:type="VariableNode">
      <NodeId>
        <Identifier>ns=1;i=6010</Identifier>
      </NodeId>
      <NodeClass>Variable_2</NodeClass>
      <BrowseName>
        <NamespaceIndex>1</NamespaceIndex>
        <Name>ActualMode</Name>
      </BrowseName>
      <DisplayName>
        <Locale></Locale>
        <Text>ActualMode</Text>
      </DisplayName>
      <Description>
        <Locale></Locale>
        <Text>Current mode of operation the Block is able to achieve</Text>
      </Description>
      <WriteMask>0</WriteMask>
      <UserWriteMask>0</UserWriteMask>
      <References>
        <ReferenceNode>
          <ReferenceTypeId>
            <Identifier>i=46</Identifier>
          </ReferenceTypeId>
          <IsInverse>true</IsInverse>
          <TargetId>
            <Identifier>ns=1;i=1003</Identifier>
          </TargetId>
        </ReferenceNode>
        <ReferenceNode>
          <ReferenceTypeId>
            <Identifier>i=40</Identifier>
          </ReferenceTypeId>
          <IsInverse>false</IsInverse>
          <TargetId>
            <Identifier>i=68</Identifier>
          </TargetId>
        </ReferenceNode>
        <ReferenceNode>
          <ReferenceTypeId>
            <Identifier>i=37</Identifier>
          </ReferenceTypeId>
          <IsInverse>false</IsInverse>
          <TargetId>
            <Identifier>i=80</Identifier>
          </TargetId>
        </ReferenceNode>
      </References>
      <Value>
        <Value>
          <LocalizedText xmlns="http://opcfoundation.org/UA/2008/02/Types.xsd">
            <Locale p2:nil="true" xmlns:p2="http://www.w3.org/2001/XMLSchema-instance" />
            <Text p2:nil="true" xmlns:p2="http://www.w3.org/2001/XMLSchema-instance" />
          </LocalizedText>
        </Value>
      </Value>
      <DataType>
        <Identifier>i=21</Identifier>
      </DataType>
      <ValueRank>-1</ValueRank>
      <ArrayDimensions />
      <AccessLevel>1</AccessLevel>
      <UserAccessLevel>1</UserAccessLevel>
      <MinimumSamplingInterval>0</MinimumSamplingInterval>
      <Historizing>false</Historizing>
    </Node>
    <Node i:type="VariableNode">
      <NodeId>
        <Identifier>ns=1;i=6011</Identifier>
      </NodeId>
      <NodeClass>Variable_2</NodeClass>
      <BrowseName>
        <NamespaceIndex>1</NamespaceIndex>
        <Name>PermittedMode</Name>
      </BrowseName>
      <DisplayName>
        <Locale></Locale>
        <Text>PermittedMode</Text>
      </DisplayName>
      <Description>
        <Locale></Locale>
        <Text>Modes of operation that are allowed for the Block based on application requirements</Text>
      </Description>
      <WriteMask>0</WriteMask>
      <UserWriteMask>0</UserWriteMask>
      <References>
        <ReferenceNode>
          <ReferenceTypeId>
            <Identifier>i=46</Identifier>
          </ReferenceTypeId>
          <IsInverse>true</IsInverse>
          <TargetId>
            <Identifier>ns=1;i=1003</Identifier>
          </TargetId>
        </ReferenceNode>
        <ReferenceNode>
          <ReferenceTypeId>
            <Identifier>i=40</Identifier>
          </ReferenceTypeId>
          <IsInverse>false</IsInverse>
          <TargetId>
            <Identifier>i=68</Identifier>
          </TargetId>
        </ReferenceNode>
        <ReferenceNode>
          <ReferenceTypeId>
            <Identifier>i=37</Identifier>
          </ReferenceTypeId>
          <IsInverse>false</IsInverse>
          <TargetId>
            <Identifier>i=80</Identifier>
          </TargetId>
        </ReferenceNode>
      </References>
      <Value>
        <Value>
          <LocalizedText xmlns="http://opcfoundation.org/UA/2008/02/Types.xsd">
            <Locale p2:nil="true" xmlns:p2="http://www.w3.org/2001/XMLSchema-instance" />
            <Text p2:nil="true" xmlns:p2="http://www.w3.org/2001/XMLSchema-instance" />
          </LocalizedText>
        </Value>
      </Value>
      <DataType>
        <Identifier>i=21</Identifier>
      </DataType>
      <ValueRank>-1</ValueRank>
      <ArrayDimensions />
      <AccessLevel>1</AccessLevel>
      <UserAccessLevel>1</UserAccessLevel>
      <MinimumSamplingInterval>0</MinimumSamplingInterval>
      <Historizing>false</Historizing>
    </Node>
    <Node i:type="VariableNode">
      <NodeId>
        <Identifier>ns=1;i=6012</Identifier>
      </NodeId>
      <NodeClass>Variable_2</NodeClass>
      <BrowseName>
        <NamespaceIndex>1</NamespaceIndex>
        <Name>NormalMode</Name>
      </BrowseName>
      <DisplayName>
        <Locale></Locale>
        <Text>NormalMode</Text>
      </DisplayName>
      <Description>
        <Locale></Locale>
        <Text>Mode the Block should be set to during normal operating conditions</Text>
      </Description>
      <WriteMask>0</WriteMask>
      <UserWriteMask>0</UserWriteMask>
      <References>
        <ReferenceNode>
          <ReferenceTypeId>
            <Identifier>i=46</Identifier>
          </ReferenceTypeId>
          <IsInverse>true</IsInverse>
          <TargetId>
            <Identifier>ns=1;i=1003</Identifier>
          </TargetId>
        </ReferenceNode>
        <ReferenceNode>
          <ReferenceTypeId>
            <Identifier>i=40</Identifier>
          </ReferenceTypeId>
          <IsInverse>false</IsInverse>
          <TargetId>
            <Identifier>i=68</Identifier>
          </TargetId>
        </ReferenceNode>
        <ReferenceNode>
          <ReferenceTypeId>
            <Identifier>i=37</Identifier>
          </ReferenceTypeId>
          <IsInverse>false</IsInverse>
          <TargetId>
            <Identifier>i=80</Identifier>
          </TargetId>
        </ReferenceNode>
      </References>
      <Value>
        <Value>
          <LocalizedText xmlns="http://opcfoundation.org/UA/2008/02/Types.xsd">
            <Locale p2:nil="true" xmlns:p2="http://www.w3.org/2001/XMLSchema-instance" />
            <Text p2:nil="true" xmlns:p2="http://www.w3.org/2001/XMLSchema-instance" />
          </LocalizedText>
        </Value>
      </Value>
      <DataType>
        <Identifier>i=21</Identifier>
      </DataType>
      <ValueRank>-1</ValueRank>
      <ArrayDimensions />
      <AccessLevel>1</AccessLevel>
      <UserAccessLevel>1</UserAccessLevel>
      <MinimumSamplingInterval>0</MinimumSamplingInterval>
      <Historizing>false</Historizing>
    </Node>
    <Node i:type="VariableNode">
      <NodeId>
        <Identifier>ns=1;i=6013</Identifier>
      </NodeId>
      <NodeClass>Variable_2</NodeClass>
      <BrowseName>
        <NamespaceIndex>1</NamespaceIndex>
        <Name>TargetMode</Name>
      </BrowseName>
      <DisplayName>
        <Locale></Locale>
        <Text>TargetMode</Text>
      </DisplayName>
      <Description>
        <Locale></Locale>
        <Text>Mode of operation that is desired for the Block</Text>
      </Description>
      <WriteMask>0</WriteMask>
      <UserWriteMask>0</UserWriteMask>
      <References>
        <ReferenceNode>
          <ReferenceTypeId>
            <Identifier>i=46</Identifier>
          </ReferenceTypeId>
          <IsInverse>true</IsInverse>
          <TargetId>
            <Identifier>ns=1;i=1003</Identifier>
          </TargetId>
        </ReferenceNode>
        <ReferenceNode>
          <ReferenceTypeId>
            <Identifier>i=40</Identifier>
          </ReferenceTypeId>
          <IsInverse>false</IsInverse>
          <TargetId>
            <Identifier>i=68</Identifier>
          </TargetId>
        </ReferenceNode>
        <ReferenceNode>
          <ReferenceTypeId>
            <Identifier>i=37</Identifier>
          </ReferenceTypeId>
          <IsInverse>false</IsInverse>
          <TargetId>
            <Identifier>i=80</Identifier>
          </TargetId>
        </ReferenceNode>
      </References>
      <Value>
        <Value>
          <LocalizedText xmlns="http://opcfoundation.org/UA/2008/02/Types.xsd">
            <Locale p2:nil="true" xmlns:p2="http://www.w3.org/2001/XMLSchema-instance" />
            <Text p2:nil="true" xmlns:p2="http://www.w3.org/2001/XMLSchema-instance" />
          </LocalizedText>
        </Value>
      </Value>
      <DataType>
        <Identifier>i=21</Identifier>
      </DataType>
      <ValueRank>-1</ValueRank>
      <ArrayDimensions />
      <AccessLevel>1</AccessLevel>
      <UserAccessLevel>1</UserAccessLevel>
      <MinimumSamplingInterval>0</MinimumSamplingInterval>
      <Historizing>false</Historizing>
    </Node>
    <Node i:type="ObjectNode">
      <NodeId>
        <Identifier>ns=1;i=6014</Identifier>
      </NodeId>
      <NodeClass>Object_1</NodeClass>
      <BrowseName>
        <NamespaceIndex>1</NamespaceIndex>
        <Name>Identification</Name>
      </BrowseName>
      <DisplayName>
        <Locale></Locale>
        <Text>Identification</Text>
      </DisplayName>
      <Description>
        <Locale></Locale>
        <Text>Used to organize parameters for identification of this TopologyElement</Text>
      </Description>
      <WriteMask>0</WriteMask>
      <UserWriteMask>0</UserWriteMask>
      <References>
        <ReferenceNode>
          <ReferenceTypeId>
            <Identifier>i=47</Identifier>
          </ReferenceTypeId>
          <IsInverse>true</IsInverse>
          <TargetId>
            <Identifier>ns=1;i=1001</Identifier>
          </TargetId>
        </ReferenceNode>
        <ReferenceNode>
          <ReferenceTypeId>
            <Identifier>i=40</Identifier>
          </ReferenceTypeId>
          <IsInverse>false</IsInverse>
          <TargetId>
            <Identifier>ns=1;i=1005</Identifier>
          </TargetId>
        </ReferenceNode>
        <ReferenceNode>
          <ReferenceTypeId>
            <Identifier>i=37</Identifier>
          </ReferenceTypeId>
          <IsInverse>false</IsInverse>
          <TargetId>
            <Identifier>i=80</Identifier>
          </TargetId>
        </ReferenceNode>
      </References>
      <EventNotifier>0</EventNotifier>
    </Node>
    <Node i:type="VariableNode">
      <NodeId>
        <Identifier>ns=1;i=6017</Identifier>
      </NodeId>
      <NodeClass>Variable_2</NodeClass>
      <BrowseName>
        <NamespaceIndex>1</NamespaceIndex>
        <Name>&lt;ParameterIdentifier&gt;</Name>
      </BrowseName>
      <DisplayName>
        <Locale></Locale>
        <Text>&lt;ParameterIdentifier&gt;</Text>
      </DisplayName>
      <Description>
        <Locale></Locale>
        <Text>A parameter which belongs to the topology element.</Text>
      </Description>
      <WriteMask>0</WriteMask>
      <UserWriteMask>0</UserWriteMask>
      <References>
        <ReferenceNode>
          <ReferenceTypeId>
            <Identifier>i=35</Identifier>
          </ReferenceTypeId>
          <IsInverse>true</IsInverse>
          <TargetId>
            <Identifier>ns=1;i=5002</Identifier>
          </TargetId>
        </ReferenceNode>
        <ReferenceNode>
          <ReferenceTypeId>
            <Identifier>i=40</Identifier>
          </ReferenceTypeId>
          <IsInverse>false</IsInverse>
          <TargetId>
            <Identifier>i=63</Identifier>
          </TargetId>
        </ReferenceNode>
        <ReferenceNode>
          <ReferenceTypeId>
            <Identifier>i=37</Identifier>
          </ReferenceTypeId>
          <IsInverse>false</IsInverse>
          <TargetId>
            <Identifier>i=11508</Identifier>
          </TargetId>
        </ReferenceNode>
      </References>
      <Value>
        <Value>
          <Null xmlns="http://opcfoundation.org/UA/2008/02/Types.xsd" />
        </Value>
      </Value>
      <DataType>
        <Identifier>i=24</Identifier>
      </DataType>
      <ValueRank>-1</ValueRank>
      <ArrayDimensions />
      <AccessLevel>1</AccessLevel>
      <UserAccessLevel>1</UserAccessLevel>
      <MinimumSamplingInterval>0</MinimumSamplingInterval>
      <Historizing>false</Historizing>
    </Node>
    <Node i:type="MethodNode">
      <NodeId>
        <Identifier>ns=1;i=6018</Identifier>
      </NodeId>
      <NodeClass>Method_4</NodeClass>
      <BrowseName>
        <NamespaceIndex>1</NamespaceIndex>
        <Name>&lt;MethodIdentifier&gt;</Name>
      </BrowseName>
      <DisplayName>
        <Locale></Locale>
        <Text>&lt;MethodIdentifier&gt;</Text>
      </DisplayName>
      <Description>
        <Locale></Locale>
        <Text>A method which belongs to the topology element.</Text>
      </Description>
      <WriteMask>0</WriteMask>
      <UserWriteMask>0</UserWriteMask>
      <References>
        <ReferenceNode>
          <ReferenceTypeId>
            <Identifier>i=35</Identifier>
          </ReferenceTypeId>
          <IsInverse>true</IsInverse>
          <TargetId>
            <Identifier>ns=1;i=5003</Identifier>
          </TargetId>
        </ReferenceNode>
        <ReferenceNode>
          <ReferenceTypeId>
            <Identifier>i=40</Identifier>
          </ReferenceTypeId>
          <IsInverse>false</IsInverse>
          <TargetId>
            <Identifier>ns=1;i=6018</Identifier>
          </TargetId>
        </ReferenceNode>
        <ReferenceNode>
          <ReferenceTypeId>
            <Identifier>i=37</Identifier>
          </ReferenceTypeId>
          <IsInverse>false</IsInverse>
          <TargetId>
            <Identifier>i=11508</Identifier>
          </TargetId>
        </ReferenceNode>
      </References>
      <Executable>true</Executable>
      <UserExecutable>true</UserExecutable>
    </Node>
    <Node i:type="ObjectNode">
      <NodeId>
        <Identifier>ns=1;i=6019</Identifier>
      </NodeId>
      <NodeClass>Object_1</NodeClass>
      <BrowseName>
        <NamespaceIndex>1</NamespaceIndex>
        <Name>&lt;GroupIdentifier&gt;</Name>
      </BrowseName>
      <DisplayName>
        <Locale></Locale>
        <Text>&lt;GroupIdentifier&gt;</Text>
      </DisplayName>
      <Description>
        <Locale></Locale>
        <Text>An application specific functional group used to organize parameters and methods.</Text>
      </Description>
      <WriteMask>0</WriteMask>
      <UserWriteMask>0</UserWriteMask>
      <References>
        <ReferenceNode>
          <ReferenceTypeId>
            <Identifier>i=47</Identifier>
          </ReferenceTypeId>
          <IsInverse>true</IsInverse>
          <TargetId>
            <Identifier>ns=1;i=1001</Identifier>
          </TargetId>
        </ReferenceNode>
        <ReferenceNode>
          <ReferenceTypeId>
            <Identifier>i=40</Identifier>
          </ReferenceTypeId>
          <IsInverse>false</IsInverse>
          <TargetId>
            <Identifier>ns=1;i=1005</Identifier>
          </TargetId>
        </ReferenceNode>
        <ReferenceNode>
          <ReferenceTypeId>
            <Identifier>i=37</Identifier>
          </ReferenceTypeId>
          <IsInverse>false</IsInverse>
          <TargetId>
            <Identifier>i=11508</Identifier>
          </TargetId>
        </ReferenceNode>
      </References>
      <EventNotifier>0</EventNotifier>
    </Node>
    <Node i:type="ObjectNode">
      <NodeId>
        <Identifier>ns=1;i=6026</Identifier>
      </NodeId>
      <NodeClass>Object_1</NodeClass>
      <BrowseName>
        <NamespaceIndex>1</NamespaceIndex>
        <Name>&lt;ObjectIdentifier&gt;</Name>
      </BrowseName>
      <DisplayName>
        <Locale></Locale>
        <Text>&lt;ObjectIdentifier&gt;</Text>
      </DisplayName>
      <Description>
        <Locale></Locale>
        <Text>The instances that .</Text>
      </Description>
      <WriteMask>0</WriteMask>
      <UserWriteMask>0</UserWriteMask>
      <References>
        <ReferenceNode>
          <ReferenceTypeId>
            <Identifier>i=47</Identifier>
          </ReferenceTypeId>
          <IsInverse>true</IsInverse>
          <TargetId>
            <Identifier>ns=1;i=1004</Identifier>
          </TargetId>
        </ReferenceNode>
        <ReferenceNode>
          <ReferenceTypeId>
            <Identifier>i=40</Identifier>
          </ReferenceTypeId>
          <IsInverse>false</IsInverse>
          <TargetId>
            <Identifier>i=58</Identifier>
          </TargetId>
        </ReferenceNode>
        <ReferenceNode>
          <ReferenceTypeId>
            <Identifier>i=37</Identifier>
          </ReferenceTypeId>
          <IsInverse>false</IsInverse>
          <TargetId>
            <Identifier>i=11508</Identifier>
          </TargetId>
        </ReferenceNode>
      </References>
      <EventNotifier>0</EventNotifier>
    </Node>
    <Node i:type="ObjectNode">
      <NodeId>
        <Identifier>ns=1;i=6027</Identifier>
      </NodeId>
      <NodeClass>Object_1</NodeClass>
      <BrowseName>
        <NamespaceIndex>1</NamespaceIndex>
        <Name>&lt;GroupIdentifier&gt;</Name>
      </BrowseName>
      <DisplayName>
        <Locale></Locale>
        <Text>&lt;GroupIdentifier&gt;</Text>
      </DisplayName>
      <Description>
        <Locale></Locale>
        <Text>An application specific functional group used to organize parameters and methods.</Text>
      </Description>
      <WriteMask>0</WriteMask>
      <UserWriteMask>0</UserWriteMask>
      <References>
        <ReferenceNode>
          <ReferenceTypeId>
            <Identifier>i=47</Identifier>
          </ReferenceTypeId>
          <IsInverse>true</IsInverse>
          <TargetId>
            <Identifier>ns=1;i=1005</Identifier>
          </TargetId>
        </ReferenceNode>
        <ReferenceNode>
          <ReferenceTypeId>
            <Identifier>i=40</Identifier>
          </ReferenceTypeId>
          <IsInverse>false</IsInverse>
          <TargetId>
            <Identifier>ns=1;i=1005</Identifier>
          </TargetId>
        </ReferenceNode>
        <ReferenceNode>
          <ReferenceTypeId>
            <Identifier>i=37</Identifier>
          </ReferenceTypeId>
          <IsInverse>false</IsInverse>
          <TargetId>
            <Identifier>i=11508</Identifier>
          </TargetId>
        </ReferenceNode>
      </References>
      <EventNotifier>0</EventNotifier>
    </Node>
    <Node i:type="VariableNode">
      <NodeId>
        <Identifier>ns=1;i=6028</Identifier>
      </NodeId>
      <NodeClass>Variable_2</NodeClass>
      <BrowseName>
        <NamespaceIndex>1</NamespaceIndex>
        <Name>&lt;ParameterIdentifier&gt;</Name>
      </BrowseName>
      <DisplayName>
        <Locale></Locale>
        <Text>&lt;ParameterIdentifier&gt;</Text>
      </DisplayName>
      <Description>
        <Locale></Locale>
        <Text>A parameter which belongs to the group.</Text>
      </Description>
      <WriteMask>0</WriteMask>
      <UserWriteMask>0</UserWriteMask>
      <References>
        <ReferenceNode>
          <ReferenceTypeId>
            <Identifier>i=35</Identifier>
          </ReferenceTypeId>
          <IsInverse>true</IsInverse>
          <TargetId>
            <Identifier>ns=1;i=1005</Identifier>
          </TargetId>
        </ReferenceNode>
        <ReferenceNode>
          <ReferenceTypeId>
            <Identifier>i=40</Identifier>
          </ReferenceTypeId>
          <IsInverse>false</IsInverse>
          <TargetId>
            <Identifier>i=63</Identifier>
          </TargetId>
        </ReferenceNode>
        <ReferenceNode>
          <ReferenceTypeId>
            <Identifier>i=37</Identifier>
          </ReferenceTypeId>
          <IsInverse>false</IsInverse>
          <TargetId>
            <Identifier>i=11508</Identifier>
          </TargetId>
        </ReferenceNode>
      </References>
      <Value>
        <Value>
          <Null xmlns="http://opcfoundation.org/UA/2008/02/Types.xsd" />
        </Value>
      </Value>
      <DataType>
        <Identifier>i=24</Identifier>
      </DataType>
      <ValueRank>-1</ValueRank>
      <ArrayDimensions />
      <AccessLevel>1</AccessLevel>
      <UserAccessLevel>1</UserAccessLevel>
      <MinimumSamplingInterval>0</MinimumSamplingInterval>
      <Historizing>false</Historizing>
    </Node>
    <Node i:type="MethodNode">
      <NodeId>
        <Identifier>ns=1;i=6029</Identifier>
      </NodeId>
      <NodeClass>Method_4</NodeClass>
      <BrowseName>
        <NamespaceIndex>1</NamespaceIndex>
        <Name>&lt;MethodIdentifier&gt;</Name>
      </BrowseName>
      <DisplayName>
        <Locale></Locale>
        <Text>&lt;MethodIdentifier&gt;</Text>
      </DisplayName>
      <Description>
        <Locale></Locale>
        <Text>A method which belongs to the group.</Text>
      </Description>
      <WriteMask>0</WriteMask>
      <UserWriteMask>0</UserWriteMask>
      <References>
        <ReferenceNode>
          <ReferenceTypeId>
            <Identifier>i=35</Identifier>
          </ReferenceTypeId>
          <IsInverse>true</IsInverse>
          <TargetId>
            <Identifier>ns=1;i=1005</Identifier>
          </TargetId>
        </ReferenceNode>
        <ReferenceNode>
          <ReferenceTypeId>
            <Identifier>i=40</Identifier>
          </ReferenceTypeId>
          <IsInverse>false</IsInverse>
          <TargetId>
            <Identifier>ns=1;i=6029</Identifier>
          </TargetId>
        </ReferenceNode>
        <ReferenceNode>
          <ReferenceTypeId>
            <Identifier>i=37</Identifier>
          </ReferenceTypeId>
          <IsInverse>false</IsInverse>
          <TargetId>
            <Identifier>i=11508</Identifier>
          </TargetId>
        </ReferenceNode>
      </References>
      <Executable>true</Executable>
      <UserExecutable>true</UserExecutable>
    </Node>
  </Nodes>
</NodeSet>