﻿<?xml version="1.0" encoding="utf-8"?>
<uax:ListOfNodeState xmlns:xsi="http://www.w3.org/2001/XMLSchema-instance" xmlns:uax="http://opcfoundation.org/UA/2008/02/Types.xsd">
  <uax:NamespaceUris>
    <uax:NamespaceUri>http://opcfoundation.org/UA/DI/</uax:NamespaceUri>
  </uax:NamespaceUris>
  <Uses xmlns="http://opcfoundation.org/UA/DI/">
    <uax:NodeClass>ReferenceType_32</uax:NodeClass>
    <uax:NodeId>
      <uax:Identifier>ns=1;i=4001</uax:Identifier>
    </uax:NodeId>
    <uax:BrowseName>
      <uax:NamespaceIndex>1</uax:NamespaceIndex>
      <uax:Name>Uses</uax:Name>
    </uax:BrowseName>
    <uax:Description>
      <uax:Locale></uax:Locale>
      <uax:Text>The semantic is to indicate that the target Node is used for the source Node of the Reference</uax:Text>
    </uax:Description>
    <uax:SuperTypeId>
      <uax:Identifier>i=35</uax:Identifier>
    </uax:SuperTypeId>
    <uax:InverseName>
      <uax:Locale></uax:Locale>
      <uax:Text>UsedBy</uax:Text>
    </uax:InverseName>
  </Uses>
  <DeviceSet xmlns="http://opcfoundation.org/UA/DI/">
    <uax:NodeClass>Object_1</uax:NodeClass>
    <uax:NodeId>
      <uax:Identifier>ns=1;i=5001</uax:Identifier>
    </uax:NodeId>
    <uax:BrowseName>
      <uax:NamespaceIndex>1</uax:NamespaceIndex>
      <uax:Name>DeviceSet</uax:Name>
    </uax:BrowseName>
    <uax:Description>
      <uax:Locale></uax:Locale>
      <uax:Text>Contains all instances of devices</uax:Text>
    </uax:Description>
    <uax:ReferenceTypeId>
      <uax:Identifier>i=47</uax:Identifier>
    </uax:ReferenceTypeId>
    <uax:TypeDefinitionId>
      <uax:Identifier>i=58</uax:Identifier>
    </uax:TypeDefinitionId>
    <uax:NumericId>5001</uax:NumericId>
    <uax:References>
      <uax:Reference>
        <uax:ReferenceTypeId>
          <uax:Identifier>i=35</uax:Identifier>
        </uax:ReferenceTypeId>
        <uax:IsInverse>true</uax:IsInverse>
        <uax:TargetId>
          <uax:Identifier>i=85</uax:Identifier>
        </uax:TargetId>
      </uax:Reference>
    </uax:References>
  </DeviceSet>
  <TopologyElementType xmlns="http://opcfoundation.org/UA/DI/">
    <uax:NodeClass>ObjectType_8</uax:NodeClass>
    <uax:NodeId>
      <uax:Identifier>ns=1;i=1001</uax:Identifier>
    </uax:NodeId>
    <uax:BrowseName>
      <uax:NamespaceIndex>1</uax:NamespaceIndex>
      <uax:Name>TopologyElementType</uax:Name>
    </uax:BrowseName>
    <uax:Description>
      <uax:Locale></uax:Locale>
      <uax:Text>Defines the basic information components for all configurable elements in a device topology</uax:Text>
    </uax:Description>
    <uax:SuperTypeId>
      <uax:Identifier>i=58</uax:Identifier>
    </uax:SuperTypeId>
    <uax:IsAbstract>true</uax:IsAbstract>
    <ParameterSet>
      <uax:NodeClass>Object_1</uax:NodeClass>
      <uax:NodeId>
        <uax:Identifier>ns=1;i=5002</uax:Identifier>
      </uax:NodeId>
      <uax:BrowseName>
        <uax:NamespaceIndex>1</uax:NamespaceIndex>
        <uax:Name>ParameterSet</uax:Name>
      </uax:BrowseName>
      <uax:Description>
        <uax:Locale></uax:Locale>
        <uax:Text>Flat list of Parameters</uax:Text>
      </uax:Description>
      <uax:ReferenceTypeId>
        <uax:Identifier>i=47</uax:Identifier>
      </uax:ReferenceTypeId>
      <uax:TypeDefinitionId>
        <uax:Identifier>i=58</uax:Identifier>
      </uax:TypeDefinitionId>
      <uax:ModellingRuleId>
        <uax:Identifier>i=78</uax:Identifier>
      </uax:ModellingRuleId>
      <uax:NumericId>5002</uax:NumericId>
      <ParameterIdentifier>
        <uax:NodeClass>Variable_2</uax:NodeClass>
        <uax:NodeId>
          <uax:Identifier>ns=1;i=6017</uax:Identifier>
        </uax:NodeId>
        <uax:BrowseName>
          <uax:NamespaceIndex>1</uax:NamespaceIndex>
          <uax:Name>&lt;ParameterIdentifier&gt;</uax:Name>
        </uax:BrowseName>
        <uax:Description>
          <uax:Locale></uax:Locale>
          <uax:Text>A parameter which belongs to the topology element.</uax:Text>
        </uax:Description>
        <uax:ReferenceTypeId>
          <uax:Identifier>i=35</uax:Identifier>
        </uax:ReferenceTypeId>
        <uax:TypeDefinitionId>
          <uax:Identifier>i=63</uax:Identifier>
        </uax:TypeDefinitionId>
        <uax:ModellingRuleId>
          <uax:Identifier>i=11508</uax:Identifier>
        </uax:ModellingRuleId>
        <uax:NumericId>6017</uax:NumericId>
        <uax:DataType>
          <uax:Identifier>i=24</uax:Identifier>
        </uax:DataType>
        <uax:ValueRank>-1</uax:ValueRank>
        <uax:AccessLevel>1</uax:AccessLevel>
        <uax:UserAccessLevel>1</uax:UserAccessLevel>
      </ParameterIdentifier>
    </ParameterSet>
    <MethodSet>
      <uax:NodeClass>Object_1</uax:NodeClass>
      <uax:NodeId>
        <uax:Identifier>ns=1;i=5003</uax:Identifier>
      </uax:NodeId>
      <uax:BrowseName>
        <uax:NamespaceIndex>1</uax:NamespaceIndex>
        <uax:Name>MethodSet</uax:Name>
      </uax:BrowseName>
      <uax:Description>
        <uax:Locale></uax:Locale>
        <uax:Text>Flat list of Methods</uax:Text>
      </uax:Description>
      <uax:ReferenceTypeId>
        <uax:Identifier>i=47</uax:Identifier>
      </uax:ReferenceTypeId>
      <uax:TypeDefinitionId>
        <uax:Identifier>i=58</uax:Identifier>
      </uax:TypeDefinitionId>
      <uax:ModellingRuleId>
        <uax:Identifier>i=80</uax:Identifier>
      </uax:ModellingRuleId>
      <uax:NumericId>5003</uax:NumericId>
      <MethodIdentifier>
        <uax:NodeClass>Method_4</uax:NodeClass>
        <uax:NodeId>
          <uax:Identifier>ns=1;i=6018</uax:Identifier>
        </uax:NodeId>
        <uax:BrowseName>
          <uax:NamespaceIndex>1</uax:NamespaceIndex>
          <uax:Name>&lt;MethodIdentifier&gt;</uax:Name>
        </uax:BrowseName>
        <uax:Description>
          <uax:Locale></uax:Locale>
          <uax:Text>A method which belongs to the topology element.</uax:Text>
        </uax:Description>
        <uax:ReferenceTypeId>
          <uax:Identifier>i=35</uax:Identifier>
        </uax:ReferenceTypeId>
        <uax:TypeDefinitionId>
          <uax:Identifier>ns=1;i=6018</uax:Identifier>
        </uax:TypeDefinitionId>
        <uax:ModellingRuleId>
          <uax:Identifier>i=11508</uax:Identifier>
        </uax:ModellingRuleId>
        <uax:NumericId>6018</uax:NumericId>
        <uax:Executable>true</uax:Executable>
        <uax:UserExecutable>true</uax:UserExecutable>
      </MethodIdentifier>
    </MethodSet>
    <GroupIdentifier>
      <uax:NodeClass>Object_1</uax:NodeClass>
      <uax:NodeId>
        <uax:Identifier>ns=1;i=6019</uax:Identifier>
      </uax:NodeId>
      <uax:BrowseName>
        <uax:NamespaceIndex>1</uax:NamespaceIndex>
        <uax:Name>&lt;GroupIdentifier&gt;</uax:Name>
      </uax:BrowseName>
      <uax:Description>
        <uax:Locale></uax:Locale>
        <uax:Text>An application specific functional group used to organize parameters and methods.</uax:Text>
      </uax:Description>
      <uax:ReferenceTypeId>
        <uax:Identifier>i=47</uax:Identifier>
      </uax:ReferenceTypeId>
      <uax:TypeDefinitionId>
        <uax:Identifier>ns=1;i=1005</uax:Identifier>
      </uax:TypeDefinitionId>
      <uax:ModellingRuleId>
        <uax:Identifier>i=11508</uax:Identifier>
      </uax:ModellingRuleId>
      <uax:NumericId>6019</uax:NumericId>
    </GroupIdentifier>
    <Identification>
      <uax:NodeClass>Object_1</uax:NodeClass>
      <uax:NodeId>
        <uax:Identifier>ns=1;i=6014</uax:Identifier>
      </uax:NodeId>
      <uax:BrowseName>
        <uax:NamespaceIndex>1</uax:NamespaceIndex>
        <uax:Name>Identification</uax:Name>
      </uax:BrowseName>
      <uax:Description>
        <uax:Locale></uax:Locale>
        <uax:Text>Used to organize parameters for identification of this TopologyElement</uax:Text>
      </uax:Description>
      <uax:ReferenceTypeId>
        <uax:Identifier>i=47</uax:Identifier>
      </uax:ReferenceTypeId>
      <uax:TypeDefinitionId>
        <uax:Identifier>ns=1;i=1005</uax:Identifier>
      </uax:TypeDefinitionId>
      <uax:ModellingRuleId>
        <uax:Identifier>i=80</uax:Identifier>
      </uax:ModellingRuleId>
      <uax:NumericId>6014</uax:NumericId>
    </Identification>
  </TopologyElementType>
  <DeviceType xmlns="http://opcfoundation.org/UA/DI/">
    <uax:NodeClass>ObjectType_8</uax:NodeClass>
    <uax:NodeId>
      <uax:Identifier>ns=1;i=1002</uax:Identifier>
    </uax:NodeId>
    <uax:BrowseName>
      <uax:NamespaceIndex>1</uax:NamespaceIndex>
      <uax:Name>DeviceType</uax:Name>
    </uax:BrowseName>
    <uax:Description>
      <uax:Locale></uax:Locale>
      <uax:Text>Defines the basic information components for all configurable elements in a device topology</uax:Text>
    </uax:Description>
    <uax:SuperTypeId>
      <uax:Identifier>ns=1;i=1001</uax:Identifier>
    </uax:SuperTypeId>
    <uax:IsAbstract>true</uax:IsAbstract>
    <SerialNumber>
      <uax:NodeClass>Variable_2</uax:NodeClass>
      <uax:NodeId>
        <uax:Identifier>ns=1;i=6001</uax:Identifier>
      </uax:NodeId>
      <uax:BrowseName>
        <uax:NamespaceIndex>1</uax:NamespaceIndex>
        <uax:Name>SerialNumber</uax:Name>
      </uax:BrowseName>
      <uax:Description>
        <uax:Locale></uax:Locale>
        <uax:Text>Identifier that uniquely identifies, within a manufacturer, a device instance</uax:Text>
      </uax:Description>
      <uax:ReferenceTypeId>
        <uax:Identifier>i=46</uax:Identifier>
      </uax:ReferenceTypeId>
      <uax:TypeDefinitionId>
        <uax:Identifier>i=68</uax:Identifier>
      </uax:TypeDefinitionId>
      <uax:ModellingRuleId>
        <uax:Identifier>i=78</uax:Identifier>
      </uax:ModellingRuleId>
      <uax:NumericId>6001</uax:NumericId>
      <uax:DataType>
        <uax:Identifier>i=12</uax:Identifier>
      </uax:DataType>
      <uax:ValueRank>-1</uax:ValueRank>
      <uax:AccessLevel>1</uax:AccessLevel>
      <uax:UserAccessLevel>1</uax:UserAccessLevel>
    </SerialNumber>
    <RevisionCounter>
      <uax:NodeClass>Variable_2</uax:NodeClass>
      <uax:NodeId>
        <uax:Identifier>ns=1;i=6002</uax:Identifier>
      </uax:NodeId>
      <uax:BrowseName>
        <uax:NamespaceIndex>1</uax:NamespaceIndex>
        <uax:Name>RevisionCounter</uax:Name>
      </uax:BrowseName>
      <uax:Description>
        <uax:Locale></uax:Locale>
        <uax:Text>An incremental counter indicating the number of times the static data within the Device has been modified</uax:Text>
      </uax:Description>
      <uax:ReferenceTypeId>
        <uax:Identifier>i=46</uax:Identifier>
      </uax:ReferenceTypeId>
      <uax:TypeDefinitionId>
        <uax:Identifier>i=68</uax:Identifier>
      </uax:TypeDefinitionId>
      <uax:ModellingRuleId>
        <uax:Identifier>i=78</uax:Identifier>
      </uax:ModellingRuleId>
      <uax:NumericId>6002</uax:NumericId>
      <uax:DataType>
        <uax:Identifier>i=6</uax:Identifier>
      </uax:DataType>
      <uax:ValueRank>-1</uax:ValueRank>
      <uax:AccessLevel>1</uax:AccessLevel>
      <uax:UserAccessLevel>1</uax:UserAccessLevel>
    </RevisionCounter>
    <Manufacturer>
      <uax:NodeClass>Variable_2</uax:NodeClass>
      <uax:NodeId>
        <uax:Identifier>ns=1;i=6003</uax:Identifier>
      </uax:NodeId>
      <uax:BrowseName>
        <uax:NamespaceIndex>1</uax:NamespaceIndex>
        <uax:Name>Manufacturer</uax:Name>
      </uax:BrowseName>
      <uax:Description>
        <uax:Locale></uax:Locale>
        <uax:Text>Model name of the device</uax:Text>
      </uax:Description>
      <uax:ReferenceTypeId>
        <uax:Identifier>i=46</uax:Identifier>
      </uax:ReferenceTypeId>
      <uax:TypeDefinitionId>
        <uax:Identifier>i=68</uax:Identifier>
      </uax:TypeDefinitionId>
      <uax:ModellingRuleId>
        <uax:Identifier>i=78</uax:Identifier>
      </uax:ModellingRuleId>
      <uax:NumericId>6003</uax:NumericId>
      <uax:DataType>
        <uax:Identifier>i=21</uax:Identifier>
      </uax:DataType>
      <uax:ValueRank>-1</uax:ValueRank>
      <uax:AccessLevel>1</uax:AccessLevel>
      <uax:UserAccessLevel>1</uax:UserAccessLevel>
    </Manufacturer>
    <Model>
      <uax:NodeClass>Variable_2</uax:NodeClass>
      <uax:NodeId>
        <uax:Identifier>ns=1;i=6004</uax:Identifier>
      </uax:NodeId>
      <uax:BrowseName>
        <uax:NamespaceIndex>1</uax:NamespaceIndex>
        <uax:Name>Model</uax:Name>
      </uax:BrowseName>
      <uax:Description>
        <uax:Locale></uax:Locale>
        <uax:Text>Name of the company that manufactured the device</uax:Text>
      </uax:Description>
      <uax:ReferenceTypeId>
        <uax:Identifier>i=46</uax:Identifier>
      </uax:ReferenceTypeId>
      <uax:TypeDefinitionId>
        <uax:Identifier>i=68</uax:Identifier>
      </uax:TypeDefinitionId>
      <uax:ModellingRuleId>
        <uax:Identifier>i=78</uax:Identifier>
      </uax:ModellingRuleId>
      <uax:NumericId>6004</uax:NumericId>
      <uax:DataType>
        <uax:Identifier>i=21</uax:Identifier>
      </uax:DataType>
      <uax:ValueRank>-1</uax:ValueRank>
      <uax:AccessLevel>1</uax:AccessLevel>
      <uax:UserAccessLevel>1</uax:UserAccessLevel>
    </Model>
    <DeviceManual>
      <uax:NodeClass>Variable_2</uax:NodeClass>
      <uax:NodeId>
        <uax:Identifier>ns=1;i=6005</uax:Identifier>
      </uax:NodeId>
      <uax:BrowseName>
        <uax:NamespaceIndex>1</uax:NamespaceIndex>
        <uax:Name>DeviceManual</uax:Name>
      </uax:BrowseName>
      <uax:Description>
        <uax:Locale></uax:Locale>
        <uax:Text>Address (pathname in the file system or a URL | Web address) of user manual for the device</uax:Text>
      </uax:Description>
      <uax:ReferenceTypeId>
        <uax:Identifier>i=46</uax:Identifier>
      </uax:ReferenceTypeId>
      <uax:TypeDefinitionId>
        <uax:Identifier>i=68</uax:Identifier>
      </uax:TypeDefinitionId>
      <uax:ModellingRuleId>
        <uax:Identifier>i=78</uax:Identifier>
      </uax:ModellingRuleId>
      <uax:NumericId>6005</uax:NumericId>
      <uax:DataType>
        <uax:Identifier>i=12</uax:Identifier>
      </uax:DataType>
      <uax:ValueRank>-1</uax:ValueRank>
      <uax:AccessLevel>1</uax:AccessLevel>
      <uax:UserAccessLevel>1</uax:UserAccessLevel>
    </DeviceManual>
    <DeviceRevision>
      <uax:NodeClass>Variable_2</uax:NodeClass>
      <uax:NodeId>
        <uax:Identifier>ns=1;i=6006</uax:Identifier>
      </uax:NodeId>
      <uax:BrowseName>
        <uax:NamespaceIndex>1</uax:NamespaceIndex>
        <uax:Name>DeviceRevision</uax:Name>
      </uax:BrowseName>
      <uax:Description>
        <uax:Locale></uax:Locale>
        <uax:Text>Overall revision level of the device</uax:Text>
      </uax:Description>
      <uax:ReferenceTypeId>
        <uax:Identifier>i=46</uax:Identifier>
      </uax:ReferenceTypeId>
      <uax:TypeDefinitionId>
        <uax:Identifier>i=68</uax:Identifier>
      </uax:TypeDefinitionId>
      <uax:ModellingRuleId>
        <uax:Identifier>i=78</uax:Identifier>
      </uax:ModellingRuleId>
      <uax:NumericId>6006</uax:NumericId>
      <uax:DataType>
        <uax:Identifier>i=12</uax:Identifier>
      </uax:DataType>
      <uax:ValueRank>-1</uax:ValueRank>
      <uax:AccessLevel>1</uax:AccessLevel>
      <uax:UserAccessLevel>1</uax:UserAccessLevel>
    </DeviceRevision>
    <SoftwareRevision>
      <uax:NodeClass>Variable_2</uax:NodeClass>
      <uax:NodeId>
        <uax:Identifier>ns=1;i=6007</uax:Identifier>
      </uax:NodeId>
      <uax:BrowseName>
        <uax:NamespaceIndex>1</uax:NamespaceIndex>
        <uax:Name>SoftwareRevision</uax:Name>
      </uax:BrowseName>
      <uax:Description>
        <uax:Locale></uax:Locale>
        <uax:Text>Revision level of the software/firmware of the device</uax:Text>
      </uax:Description>
      <uax:ReferenceTypeId>
        <uax:Identifier>i=46</uax:Identifier>
      </uax:ReferenceTypeId>
      <uax:TypeDefinitionId>
        <uax:Identifier>i=68</uax:Identifier>
      </uax:TypeDefinitionId>
      <uax:ModellingRuleId>
        <uax:Identifier>i=78</uax:Identifier>
      </uax:ModellingRuleId>
      <uax:NumericId>6007</uax:NumericId>
      <uax:DataType>
        <uax:Identifier>i=12</uax:Identifier>
      </uax:DataType>
      <uax:ValueRank>-1</uax:ValueRank>
      <uax:AccessLevel>1</uax:AccessLevel>
      <uax:UserAccessLevel>1</uax:UserAccessLevel>
    </SoftwareRevision>
    <HardwareRevision>
      <uax:NodeClass>Variable_2</uax:NodeClass>
      <uax:NodeId>
        <uax:Identifier>ns=1;i=6008</uax:Identifier>
      </uax:NodeId>
      <uax:BrowseName>
        <uax:NamespaceIndex>1</uax:NamespaceIndex>
        <uax:Name>HardwareRevision</uax:Name>
      </uax:BrowseName>
      <uax:Description>
        <uax:Locale></uax:Locale>
        <uax:Text>Revision level of the hardware of the device</uax:Text>
      </uax:Description>
      <uax:ReferenceTypeId>
        <uax:Identifier>i=46</uax:Identifier>
      </uax:ReferenceTypeId>
      <uax:TypeDefinitionId>
        <uax:Identifier>i=68</uax:Identifier>
      </uax:TypeDefinitionId>
      <uax:ModellingRuleId>
        <uax:Identifier>i=78</uax:Identifier>
      </uax:ModellingRuleId>
      <uax:NumericId>6008</uax:NumericId>
      <uax:DataType>
        <uax:Identifier>i=12</uax:Identifier>
      </uax:DataType>
      <uax:ValueRank>-1</uax:ValueRank>
      <uax:AccessLevel>1</uax:AccessLevel>
      <uax:UserAccessLevel>1</uax:UserAccessLevel>
    </HardwareRevision>
  </DeviceType>
  <BlockType xmlns="http://opcfoundation.org/UA/DI/">
    <uax:NodeClass>ObjectType_8</uax:NodeClass>
    <uax:NodeId>
      <uax:Identifier>ns=1;i=1003</uax:Identifier>
    </uax:NodeId>
    <uax:BrowseName>
      <uax:NamespaceIndex>1</uax:NamespaceIndex>
      <uax:Name>BlockType</uax:Name>
    </uax:BrowseName>
    <uax:Description>
      <uax:Locale></uax:Locale>
      <uax:Text>Adds the concept of Blocks needed for block-oriented FieldDevices</uax:Text>
    </uax:Description>
    <uax:SuperTypeId>
      <uax:Identifier>ns=1;i=1001</uax:Identifier>
    </uax:SuperTypeId>
    <uax:IsAbstract>true</uax:IsAbstract>
    <RevisionCounter>
      <uax:NodeClass>Variable_2</uax:NodeClass>
      <uax:NodeId>
        <uax:Identifier>ns=1;i=6009</uax:Identifier>
      </uax:NodeId>
      <uax:BrowseName>
        <uax:NamespaceIndex>1</uax:NamespaceIndex>
        <uax:Name>RevisionCounter</uax:Name>
      </uax:BrowseName>
      <uax:Description>
        <uax:Locale></uax:Locale>
        <uax:Text>Incremental counter indicating the number of times the static data within the Block has been modified</uax:Text>
      </uax:Description>
      <uax:ReferenceTypeId>
        <uax:Identifier>i=46</uax:Identifier>
      </uax:ReferenceTypeId>
      <uax:TypeDefinitionId>
        <uax:Identifier>i=68</uax:Identifier>
      </uax:TypeDefinitionId>
      <uax:ModellingRuleId>
        <uax:Identifier>i=80</uax:Identifier>
      </uax:ModellingRuleId>
      <uax:NumericId>6009</uax:NumericId>
      <uax:DataType>
        <uax:Identifier>i=7</uax:Identifier>
      </uax:DataType>
      <uax:ValueRank>-1</uax:ValueRank>
      <uax:AccessLevel>1</uax:AccessLevel>
      <uax:UserAccessLevel>1</uax:UserAccessLevel>
    </RevisionCounter>
    <ActualMode>
      <uax:NodeClass>Variable_2</uax:NodeClass>
      <uax:NodeId>
        <uax:Identifier>ns=1;i=6010</uax:Identifier>
      </uax:NodeId>
      <uax:BrowseName>
        <uax:NamespaceIndex>1</uax:NamespaceIndex>
        <uax:Name>ActualMode</uax:Name>
      </uax:BrowseName>
      <uax:Description>
        <uax:Locale></uax:Locale>
        <uax:Text>Current mode of operation the Block is able to achieve</uax:Text>
      </uax:Description>
      <uax:ReferenceTypeId>
        <uax:Identifier>i=46</uax:Identifier>
      </uax:ReferenceTypeId>
      <uax:TypeDefinitionId>
        <uax:Identifier>i=68</uax:Identifier>
      </uax:TypeDefinitionId>
      <uax:ModellingRuleId>
        <uax:Identifier>i=80</uax:Identifier>
      </uax:ModellingRuleId>
      <uax:NumericId>6010</uax:NumericId>
      <uax:DataType>
        <uax:Identifier>i=21</uax:Identifier>
      </uax:DataType>
      <uax:ValueRank>-1</uax:ValueRank>
      <uax:AccessLevel>1</uax:AccessLevel>
      <uax:UserAccessLevel>1</uax:UserAccessLevel>
    </ActualMode>
    <PermittedMode>
      <uax:NodeClass>Variable_2</uax:NodeClass>
      <uax:NodeId>
        <uax:Identifier>ns=1;i=6011</uax:Identifier>
      </uax:NodeId>
      <uax:BrowseName>
        <uax:NamespaceIndex>1</uax:NamespaceIndex>
        <uax:Name>PermittedMode</uax:Name>
      </uax:BrowseName>
      <uax:Description>
        <uax:Locale></uax:Locale>
        <uax:Text>Modes of operation that are allowed for the Block based on application requirements</uax:Text>
      </uax:Description>
      <uax:ReferenceTypeId>
        <uax:Identifier>i=46</uax:Identifier>
      </uax:ReferenceTypeId>
      <uax:TypeDefinitionId>
        <uax:Identifier>i=68</uax:Identifier>
      </uax:TypeDefinitionId>
      <uax:ModellingRuleId>
        <uax:Identifier>i=80</uax:Identifier>
      </uax:ModellingRuleId>
      <uax:NumericId>6011</uax:NumericId>
      <uax:DataType>
        <uax:Identifier>i=21</uax:Identifier>
      </uax:DataType>
      <uax:ValueRank>-1</uax:ValueRank>
      <uax:AccessLevel>1</uax:AccessLevel>
      <uax:UserAccessLevel>1</uax:UserAccessLevel>
    </PermittedMode>
    <NormalMode>
      <uax:NodeClass>Variable_2</uax:NodeClass>
      <uax:NodeId>
        <uax:Identifier>ns=1;i=6012</uax:Identifier>
      </uax:NodeId>
      <uax:BrowseName>
        <uax:NamespaceIndex>1</uax:NamespaceIndex>
        <uax:Name>NormalMode</uax:Name>
      </uax:BrowseName>
      <uax:Description>
        <uax:Locale></uax:Locale>
        <uax:Text>Mode the Block should be set to during normal operating conditions</uax:Text>
      </uax:Description>
      <uax:ReferenceTypeId>
        <uax:Identifier>i=46</uax:Identifier>
      </uax:ReferenceTypeId>
      <uax:TypeDefinitionId>
        <uax:Identifier>i=68</uax:Identifier>
      </uax:TypeDefinitionId>
      <uax:ModellingRuleId>
        <uax:Identifier>i=80</uax:Identifier>
      </uax:ModellingRuleId>
      <uax:NumericId>6012</uax:NumericId>
      <uax:DataType>
        <uax:Identifier>i=21</uax:Identifier>
      </uax:DataType>
      <uax:ValueRank>-1</uax:ValueRank>
      <uax:AccessLevel>1</uax:AccessLevel>
      <uax:UserAccessLevel>1</uax:UserAccessLevel>
    </NormalMode>
    <TargetMode>
      <uax:NodeClass>Variable_2</uax:NodeClass>
      <uax:NodeId>
        <uax:Identifier>ns=1;i=6013</uax:Identifier>
      </uax:NodeId>
      <uax:BrowseName>
        <uax:NamespaceIndex>1</uax:NamespaceIndex>
        <uax:Name>TargetMode</uax:Name>
      </uax:BrowseName>
      <uax:Description>
        <uax:Locale></uax:Locale>
        <uax:Text>Mode of operation that is desired for the Block</uax:Text>
      </uax:Description>
      <uax:ReferenceTypeId>
        <uax:Identifier>i=46</uax:Identifier>
      </uax:ReferenceTypeId>
      <uax:TypeDefinitionId>
        <uax:Identifier>i=68</uax:Identifier>
      </uax:TypeDefinitionId>
      <uax:ModellingRuleId>
        <uax:Identifier>i=80</uax:Identifier>
      </uax:ModellingRuleId>
      <uax:NumericId>6013</uax:NumericId>
      <uax:DataType>
        <uax:Identifier>i=21</uax:Identifier>
      </uax:DataType>
      <uax:ValueRank>-1</uax:ValueRank>
      <uax:AccessLevel>1</uax:AccessLevel>
      <uax:UserAccessLevel>1</uax:UserAccessLevel>
    </TargetMode>
  </BlockType>
  <ConfigurableObjectType xmlns="http://opcfoundation.org/UA/DI/">
    <uax:NodeClass>ObjectType_8</uax:NodeClass>
    <uax:NodeId>
      <uax:Identifier>ns=1;i=1004</uax:Identifier>
    </uax:NodeId>
    <uax:BrowseName>
      <uax:NamespaceIndex>1</uax:NamespaceIndex>
      <uax:Name>ConfigurableObjectType</uax:Name>
    </uax:BrowseName>
    <uax:Description>
      <uax:Locale></uax:Locale>
      <uax:Text>Defines a general pattern to expose and configure modular components</uax:Text>
    </uax:Description>
    <uax:SuperTypeId>
      <uax:Identifier>i=58</uax:Identifier>
    </uax:SuperTypeId>
    <SupportedTypes>
      <uax:NodeClass>Object_1</uax:NodeClass>
      <uax:NodeId>
        <uax:Identifier>ns=1;i=5004</uax:Identifier>
      </uax:NodeId>
      <uax:BrowseName>
        <uax:NamespaceIndex>1</uax:NamespaceIndex>
        <uax:Name>SupportedTypes</uax:Name>
      </uax:BrowseName>
      <uax:Description>
        <uax:Locale></uax:Locale>
        <uax:Text>Folder maintaining the set of (sub-types of) BaseObjectTypes that can be instantiated in the ConfigurableComponent</uax:Text>
      </uax:Description>
      <uax:ReferenceTypeId>
        <uax:Identifier>i=47</uax:Identifier>
      </uax:ReferenceTypeId>
      <uax:TypeDefinitionId>
        <uax:Identifier>i=61</uax:Identifier>
      </uax:TypeDefinitionId>
      <uax:ModellingRuleId>
        <uax:Identifier>i=78</uax:Identifier>
      </uax:ModellingRuleId>
      <uax:NumericId>5004</uax:NumericId>
    </SupportedTypes>
    <ObjectIdentifier>
      <uax:NodeClass>Object_1</uax:NodeClass>
      <uax:NodeId>
        <uax:Identifier>ns=1;i=6026</uax:Identifier>
      </uax:NodeId>
      <uax:BrowseName>
        <uax:NamespaceIndex>1</uax:NamespaceIndex>
        <uax:Name>&lt;ObjectIdentifier&gt;</uax:Name>
      </uax:BrowseName>
      <uax:Description>
        <uax:Locale></uax:Locale>
        <uax:Text>The instances that .</uax:Text>
      </uax:Description>
      <uax:ReferenceTypeId>
        <uax:Identifier>i=47</uax:Identifier>
      </uax:ReferenceTypeId>
      <uax:TypeDefinitionId>
        <uax:Identifier>i=58</uax:Identifier>
      </uax:TypeDefinitionId>
      <uax:ModellingRuleId>
        <uax:Identifier>i=11508</uax:Identifier>
      </uax:ModellingRuleId>
      <uax:NumericId>6026</uax:NumericId>
    </ObjectIdentifier>
  </ConfigurableObjectType>
  <FunctionalGroupType xmlns="http://opcfoundation.org/UA/DI/">
    <uax:NodeClass>ObjectType_8</uax:NodeClass>
    <uax:NodeId>
      <uax:Identifier>ns=1;i=1005</uax:Identifier>
    </uax:NodeId>
    <uax:BrowseName>
      <uax:NamespaceIndex>1</uax:NamespaceIndex>
      <uax:Name>FunctionalGroupType</uax:Name>
    </uax:BrowseName>
    <uax:Description>
      <uax:Locale></uax:Locale>
      <uax:Text>FolderType is used to organize the Parameters and Methods from the complete set (ParameterSet, MethodSet) with regard to their application</uax:Text>
    </uax:Description>
    <uax:SuperTypeId>
      <uax:Identifier>i=61</uax:Identifier>
    </uax:SuperTypeId>
    <GroupIdentifier>
      <uax:NodeClass>Object_1</uax:NodeClass>
      <uax:NodeId>
        <uax:Identifier>ns=1;i=6027</uax:Identifier>
      </uax:NodeId>
      <uax:BrowseName>
        <uax:NamespaceIndex>1</uax:NamespaceIndex>
        <uax:Name>&lt;GroupIdentifier&gt;</uax:Name>
      </uax:BrowseName>
      <uax:Description>
        <uax:Locale></uax:Locale>
        <uax:Text>An application specific functional group used to organize parameters and methods.</uax:Text>
      </uax:Description>
      <uax:ReferenceTypeId>
        <uax:Identifier>i=47</uax:Identifier>
      </uax:ReferenceTypeId>
      <uax:TypeDefinitionId>
        <uax:Identifier>ns=1;i=1005</uax:Identifier>
      </uax:TypeDefinitionId>
      <uax:ModellingRuleId>
        <uax:Identifier>i=11508</uax:Identifier>
      </uax:ModellingRuleId>
      <uax:NumericId>6027</uax:NumericId>
    </GroupIdentifier>
    <ParameterIdentifier>
      <uax:NodeClass>Variable_2</uax:NodeClass>
      <uax:NodeId>
        <uax:Identifier>ns=1;i=6028</uax:Identifier>
      </uax:NodeId>
      <uax:BrowseName>
        <uax:NamespaceIndex>1</uax:NamespaceIndex>
        <uax:Name>&lt;ParameterIdentifier&gt;</uax:Name>
      </uax:BrowseName>
      <uax:Description>
        <uax:Locale></uax:Locale>
        <uax:Text>A parameter which belongs to the group.</uax:Text>
      </uax:Description>
      <uax:ReferenceTypeId>
        <uax:Identifier>i=35</uax:Identifier>
      </uax:ReferenceTypeId>
      <uax:TypeDefinitionId>
        <uax:Identifier>i=63</uax:Identifier>
      </uax:TypeDefinitionId>
      <uax:ModellingRuleId>
        <uax:Identifier>i=11508</uax:Identifier>
      </uax:ModellingRuleId>
      <uax:NumericId>6028</uax:NumericId>
      <uax:DataType>
        <uax:Identifier>i=24</uax:Identifier>
      </uax:DataType>
      <uax:ValueRank>-1</uax:ValueRank>
      <uax:AccessLevel>1</uax:AccessLevel>
      <uax:UserAccessLevel>1</uax:UserAccessLevel>
    </ParameterIdentifier>
    <MethodIdentifier>
      <uax:NodeClass>Method_4</uax:NodeClass>
      <uax:NodeId>
        <uax:Identifier>ns=1;i=6029</uax:Identifier>
      </uax:NodeId>
      <uax:BrowseName>
        <uax:NamespaceIndex>1</uax:NamespaceIndex>
        <uax:Name>&lt;MethodIdentifier&gt;</uax:Name>
      </uax:BrowseName>
      <uax:Description>
        <uax:Locale></uax:Locale>
        <uax:Text>A method which belongs to the group.</uax:Text>
      </uax:Description>
      <uax:ReferenceTypeId>
        <uax:Identifier>i=35</uax:Identifier>
      </uax:ReferenceTypeId>
      <uax:TypeDefinitionId>
        <uax:Identifier>ns=1;i=6029</uax:Identifier>
      </uax:TypeDefinitionId>
      <uax:ModellingRuleId>
        <uax:Identifier>i=11508</uax:Identifier>
      </uax:ModellingRuleId>
      <uax:NumericId>6029</uax:NumericId>
      <uax:Executable>true</uax:Executable>
      <uax:UserExecutable>true</uax:UserExecutable>
    </MethodIdentifier>
  </FunctionalGroupType>
  <ProtocolType xmlns="http://opcfoundation.org/UA/DI/">
    <uax:NodeClass>ObjectType_8</uax:NodeClass>
    <uax:NodeId>
      <uax:Identifier>ns=1;i=1006</uax:Identifier>
    </uax:NodeId>
    <uax:BrowseName>
      <uax:NamespaceIndex>1</uax:NamespaceIndex>
      <uax:Name>ProtocolType</uax:Name>
    </uax:BrowseName>
    <uax:Description>
      <uax:Locale></uax:Locale>
      <uax:Text>General structure of a Protocol ObjectType</uax:Text>
    </uax:Description>
    <uax:SuperTypeId>
      <uax:Identifier>i=58</uax:Identifier>
    </uax:SuperTypeId>
    <uax:IsAbstract>true</uax:IsAbstract>
  </ProtocolType>
</uax:ListOfNodeState>