<?xml version="1.0" encoding="utf-8"?>
<ModelDesign xmlns:OpcUaPlc="http://PLCopen.org/OpcUa/IEC61131-3/" xmlns:OpcUaDi="http://opcfoundation.org/UA/DI/" xmlns:OpcUa="http://opcfoundation.org/UA/" TargetNamespace="http://PLCopen.org/OpcUa/IEC61131-3/" TargetXmlNamespace="http://PLCopen.org/OpcUa/IEC61131-3/" xmlns="http://opcfoundation.org/UA/ModelDesign.xsd">
  <Namespaces>
    <Namespace Name="OpcUa" Prefix="Opc.Ua" XmlNamespace="http://opcfoundation.org/UA/2008/02/Types.xsd">http://opcfoundation.org/UA/</Namespace>
    <Namespace Name="OpcUaDi" Prefix="Opc.Ua.Di" XmlNamespace="http://opcfoundation.org/UA/DI/Types.xsd" FilePath="OpcUaDiModel">http://opcfoundation.org/UA/DI/</Namespace>
    <Namespace Name="OpcUaPlc" Prefix="Opc.Ua.Plc" XmlNamespace="http://PLCopen.org/OpcUa/IEC61131-3/Types.xsd">http://PLCopen.org/OpcUa/IEC61131-3/</Namespace>
  </Namespaces>
  <ReferenceType SymbolicName="OpcUaPlc:HasInputVars" BaseType="OpcUa:HasComponent">
    <InverseName>InputVarsOf</InverseName>
  </ReferenceType>
  <ReferenceType SymbolicName="OpcUaPlc:HasOutputVars" BaseType="OpcUa:HasComponent">
    <InverseName>OutputVarsOf</InverseName>
  </ReferenceType>
  <ReferenceType SymbolicName="OpcUaPlc:HasInOutVars" BaseType="OpcUa:HasComponent">
    <InverseName>InOutVarsOf</InverseName>
  </ReferenceType>
  <ReferenceType SymbolicName="OpcUaPlc:HasLocalVars" BaseType="OpcUa:HasComponent">
    <InverseName>LocalVarsOf</InverseName>
  </ReferenceType>
  <ReferenceType SymbolicName="OpcUaPlc:HasExternalVars" BaseType="OpcUa:Organizes">
    <InverseName>ExternalVarsOf</InverseName>
  </ReferenceType>
  <ReferenceType SymbolicName="OpcUaPlc:With" BaseType="OpcUa:NonHierarchicalReferences">
    <InverseName>Executes</InverseName>
  </ReferenceType>
  <ObjectType SymbolicName="OpcUaPlc:CtrlConfigurationType" BaseType="OpcUaDi:DeviceType">
    <Children>
      <Object SymbolicName="OpcUaPlc:MethodSet" TypeDefinition="OpcUa:BaseObjectType">
        <Children>
          <Method SymbolicName="OpcUaPlc:Start" ModellingRule="Optional"></Method>
          <Method SymbolicName="OpcUaPlc:Stop" ModellingRule="Optional"></Method>
        </Children>
      </Object>
      <Object SymbolicName="OpcUaPlc:Resources" TypeDefinition="OpcUaDi:ConfigurableObjectType"></Object>
      <Object SymbolicName="OpcUaPlc:GlobalVars" TypeDefinition="OpcUaDi:FunctionalGroupType"></Object>
      <Object SymbolicName="OpcUaPlc:AccessVars" TypeDefinition="OpcUaDi:FunctionalGroupType"></Object>
      <Object SymbolicName="OpcUaPlc:ConfigVars" TypeDefinition="OpcUaDi:FunctionalGroupType"></Object>
      <Object SymbolicName="OpcUaPlc:Configuration" TypeDefinition="OpcUaDi:FunctionalGroupType"></Object>
      <Object SymbolicName="OpcUaPlc:Diagnostic" TypeDefinition="OpcUaDi:FunctionalGroupType"></Object>
    </Children>
  </ObjectType>
  <ObjectType SymbolicName="OpcUaPlc:CtrlResourceType" BaseType="OpcUaDi:DeviceType">
    <Children>
      <Object SymbolicName="OpcUaPlc:MethodSet" TypeDefinition="OpcUa:BaseObjectType" ModellingRule="Optional">
        <Children>
          <Method SymbolicName="OpcUaPlc:Start" ModellingRule="Optional"></Method>
          <Method SymbolicName="OpcUaPlc:Stop" ModellingRule="Optional"></Method>
        </Children>
      </Object>
      <Object SymbolicName="OpcUaPlc:Tasks" TypeDefinition="OpcUaDi:ConfigurableObjectType" ModellingRule="Mandatory"></Object>
      <Object SymbolicName="OpcUaPlc:Programs" TypeDefinition="OpcUaDi:ConfigurableObjectType" ModellingRule="Mandatory"></Object>
      <Object SymbolicName="OpcUaPlc:GlobalVars" TypeDefinition="OpcUaDi:FunctionalGroupType" ModellingRule="Optional"></Object>
      <Object SymbolicName="OpcUaPlc:Configuration" TypeDefinition="OpcUaDi:FunctionalGroupType" ModellingRule="Optional"></Object>
      <Object SymbolicName="OpcUaPlc:Diagnostic" TypeDefinition="OpcUaDi:FunctionalGroupType" ModellingRule="Optional"></Object>
    </Children>
  </ObjectType>
  <ObjectType SymbolicName="OpcUaPlc:CtrlProgramOrganizationUnitType" BaseType="OpcUaDi:BlockType" IsAbstract="true">
    <Children>
      <Variable SymbolicName="OpcUaPlc:Body" TypeDefinition="OpcUa:BaseDataVariableType" ModellingRule="Optional" DataType="OpcUa:XmlElement"></Variable>
    </Children>
  </ObjectType>
  <ObjectType SymbolicName="OpcUaPlc:CtrlProgramType" BaseType="OpcUaPlc:CtrlProgramOrganizationUnitType" IsAbstract="true">
    <Children>
      <Variable SymbolicName="OpcUaPlc:Program" TypeDefinition="OpcUa:BaseDataVariableType" ModellingRule="Optional" DataType="OpcUa:Structure"></Variable>
    </Children>
  </ObjectType>
  <ObjectType SymbolicName="OpcUaPlc:CtrlFunctionBlockType" BaseType="OpcUaPlc:CtrlProgramOrganizationUnitType" IsAbstract="true">
    <Children>
      <Variable SymbolicName="OpcUaPlc:FunctionBlock" TypeDefinition="OpcUa:BaseDataVariableType" ModellingRule="Optional"></Variable>
    </Children>
  </ObjectType>
  <ObjectType SymbolicName="OpcUaPlc:CtrlTaskType" BaseType="OpcUa:BaseObjectType">
    <Children>
      <Property SymbolicName="OpcUaPlc:Priority" TypeDefinition="OpcUa:PropertyType" ModellingRule="Mandatory" DataType="OpcUa:UInt32"></Property>
      <Property SymbolicName="OpcUaPlc:Interval" TypeDefinition="OpcUa:PropertyType" ModellingRule="Optional" DataType="OpcUa:String"></Property>
      <Property SymbolicName="OpcUaPlc:Single" TypeDefinition="OpcUa:PropertyType" ModellingRule="Optional" DataType="OpcUa:String"></Property>
      </Children>
  </ObjectType>
  <ObjectType SymbolicName="OpcUaPlc:SFCType" BaseType="OpcUa:BaseObjectType">
  </ObjectType>
</ModelDesign>